scheme,seed,fold,group,n_cols,perm_dMAE,shap_abs,base_MAE
random,42,0,magpie:Number,6,1.6677822656257804,0.05542311774763275,13.536498161965211
random,42,0,magpie:MendeleevNumber,6,1.44747102995006,0.058373009220751865,13.536498161965211
random,42,0,magpie:AtomicWeight,6,0.6898995594376878,0.03486164508205366,13.536498161965211
random,42,0,magpie:MeltingT,6,4.576859158880344,0.12722340658399417,13.536498161965211
random,42,0,magpie:Column,6,2.072781502654767,0.04856634898420075,13.536498161965211
random,42,0,magpie:Row,6,0.4292695123843089,0.019231972938675627,13.536498161965211
random,42,0,magpie:CovalentRadius,6,2.640431531291381,0.059365203234208325,13.536498161965211
random,42,0,magpie:Electronegativity,6,1.0734785174493695,0.05831628276435688,13.536498161965211
random,42,0,magpie:NsValence,6,0.04724338598646334,0.012008518335859046,13.536498161965211
random,42,0,magpie:NpValence,6,1.0865091660012607,0.0408339603355392,13.536498161965211
random,42,0,magpie:NdValence,6,0.36448763132076784,0.01539823151708517,13.536498161965211
random,42,0,magpie:NfValence,6,0.09811151834032579,0.005260981445672964,13.536498161965211
random,42,0,magpie:NValence,6,0.48979250161780535,0.032999969877268824,13.536498161965211
random,42,0,magpie:NsUnfilled,6,0.23926925262646853,0.021554800105894893,13.536498161965211
random,42,0,magpie:NpUnfilled,6,2.1583664594712504,0.051947144590701766,13.536498161965211
random,42,0,magpie:NdUnfilled,6,5.483365263918975,0.1353945583493696,13.536498161965211
random,42,0,magpie:NfUnfilled,6,0.0,0.0,13.536498161965211
random,42,0,magpie:NUnfilled,6,3.760526243884189,0.0980211065784431,13.536498161965211
random,42,0,magpie:GSvolume_pa,6,1.0196164479736047,0.05655047399569246,13.536498161965211
random,42,0,magpie:GSbandgap,6,0.7759110734135206,0.02771633615231145,13.536498161965211
random,42,0,magpie:GSmagmom,6,0.17185216149441268,0.007978387555632528,13.536498161965211
random,42,0,magpie:SpaceGroupNumber,6,0.7576283667956456,0.030798219151365734,13.536498161965211
random,42,0,a,1,3.997711089637767,0.11411009882967467,13.536498161965211
random,42,0,b,1,2.5884232108862113,0.04606157708812838,13.536498161965211
random,42,0,gamma,1,0.7546905565008405,0.023259182908674077,13.536498161965211
random,42,0,area_per_atom,1,18.251744735237118,0.3320197367617898,13.536498161965211
random,42,0,nat,1,1.347709015669011,0.048551226794695486,13.536498161965211
random,42,0,z_extent,1,1.7257235943464988,0.041590630375554,13.536498161965211
random,42,0,spg_number,1,2.495119144214906,0.05360825257297016,13.536498161965211
random,42,0,n_elements,1,0.09083490771121347,0.007290036012807006,13.536498161965211
random,42,1,magpie:Number,6,1.6232548799331248,0.050595956063732246,13.417249236532186
random,42,1,magpie:MendeleevNumber,6,1.1573624651610364,0.057384524538492944,13.417249236532186
random,42,1,magpie:AtomicWeight,6,0.32765880768011046,0.03001738631075997,13.417249236532186
random,42,1,magpie:MeltingT,6,3.9532338344512814,0.11751649837537745,13.417249236532186
random,42,1,magpie:Column,6,1.5439033801522175,0.04777996901536735,13.417249236532186
random,42,1,magpie:Row,6,0.4968650955452876,0.025096563846694633,13.417249236532186
random,42,1,magpie:CovalentRadius,6,1.3484817076293987,0.04710730537000627,13.417249236532186
random,42,1,magpie:Electronegativity,6,1.0960950955738564,0.05565596931106454,13.417249236532186
random,42,1,magpie:NsValence,6,0.1496665433700592,0.016403892691668313,13.417249236532186
random,42,1,magpie:NpValence,6,1.0213763617937968,0.03941711096418531,13.417249236532186
random,42,1,magpie:NdValence,6,0.30665017396949495,0.016979956638069026,13.417249236532186
random,42,1,magpie:NfValence,6,0.05286866397777388,0.005050782817391798,13.417249236532186
random,42,1,magpie:NValence,6,0.5278162636851562,0.0306786328207142,13.417249236532186
random,42,1,magpie:NsUnfilled,6,0.1251003368443513,0.015263897354689929,13.417249236532186
random,42,1,magpie:NpUnfilled,6,1.467629169726821,0.04409863248954269,13.417249236532186
random,42,1,magpie:NdUnfilled,6,4.327486657330059,0.1437756485479075,13.417249236532186
random,42,1,magpie:NfUnfilled,6,0.0,0.0,13.417249236532186
random,42,1,magpie:NUnfilled,6,3.670577154714851,0.10761964333797001,13.417249236532186
random,42,1,magpie:GSvolume_pa,6,1.2218196279148628,0.06365956052939936,13.417249236532186
random,42,1,magpie:GSbandgap,6,0.8297565589492993,0.02882619545633108,13.417249236532186
random,42,1,magpie:GSmagmom,6,0.16807867531348214,0.008516148384550792,13.417249236532186
random,42,1,magpie:SpaceGroupNumber,6,0.4981559903839095,0.03283125902688921,13.417249236532186
random,42,1,a,1,3.2711663617377114,0.108181631786234,13.417249236532186
random,42,1,b,1,2.061761159107636,0.05213290403425174,13.417249236532186
random,42,1,gamma,1,0.6880269028745655,0.025660490361357653,13.417249236532186
random,42,1,area_per_atom,1,16.644752380028,0.31974380872246794,13.417249236532186
random,42,1,nat,1,1.757491278836079,0.0520953509016287,13.417249236532186
random,42,1,z_extent,1,1.5862707990642668,0.03853971655288643,13.417249236532186
random,42,1,spg_number,1,1.7122174800343408,0.05558488923375107,13.417249236532186
random,42,1,n_elements,1,0.03918836092553413,0.005557289705991335,13.417249236532186
random,42,2,magpie:Number,6,1.207642789652894,0.05477308541841591,14.026593108603075
random,42,2,magpie:MendeleevNumber,6,1.1293213876388613,0.058519775670952824,14.026593108603075
random,42,2,magpie:AtomicWeight,6,0.5148791367477414,0.036545762191525936,14.026593108603075
random,42,2,magpie:MeltingT,6,3.71675168182242,0.10809496313233084,14.026593108603075
random,42,2,magpie:Column,6,1.1863917334049365,0.052140178755332674,14.026593108603075
random,42,2,magpie:Row,6,0.34141143468968915,0.018736923442204022,14.026593108603075
random,42,2,magpie:CovalentRadius,6,1.3406074687653255,0.049552311162348844,14.026593108603075
random,42,2,magpie:Electronegativity,6,0.8309596978573396,0.05211163524745452,14.026593108603075
random,42,2,magpie:NsValence,6,0.1991868315533047,0.013090138830619475,14.026593108603075
random,42,2,magpie:NpValence,6,1.209917962071399,0.044182629688161584,14.026593108603075
random,42,2,magpie:NdValence,6,0.37440916663053725,0.016479305491939378,14.026593108603075
random,42,2,magpie:NfValence,6,0.05019079896844687,0.003781519485094357,14.026593108603075
random,42,2,magpie:NValence,6,0.2663757566247291,0.04082665021807402,14.026593108603075
random,42,2,magpie:NsUnfilled,6,0.13752436064633428,0.016071613247653223,14.026593108603075
random,42,2,magpie:NpUnfilled,6,1.2613526946050513,0.05225089099915425,14.026593108603075
random,42,2,magpie:NdUnfilled,6,5.294844355518211,0.15511875395324834,14.026593108603075
random,42,2,magpie:NfUnfilled,6,0.0,0.0,14.026593108603075
random,42,2,magpie:NUnfilled,6,3.082461625080609,0.088616392425077,14.026593108603075
random,42,2,magpie:GSvolume_pa,6,0.6467914800994535,0.05905122046129677,14.026593108603075
random,42,2,magpie:GSbandgap,6,0.4093548609295823,0.03184798709245706,14.026593108603075
random,42,2,magpie:GSmagmom,6,0.07609291439619134,0.00879793382752662,14.026593108603075
random,42,2,magpie:SpaceGroupNumber,6,0.27948110945724275,0.029628950805532416,14.026593108603075
random,42,2,a,1,3.852294215101088,0.110300584185759,14.026593108603075
random,42,2,b,1,1.8890950261850317,0.04732890211782572,14.026593108603075
random,42,2,gamma,1,0.5606131727939132,0.0263928396942926,14.026593108603075
random,42,2,area_per_atom,1,17.17459742863383,0.31953295276445537,14.026593108603075
random,42,2,nat,1,1.0296122720936247,0.03505092732698055,14.026593108603075
random,42,2,z_extent,1,1.4388674038835494,0.042881049365091246,14.026593108603075
random,42,2,spg_number,1,1.9784908610070022,0.051932160829523275,14.026593108603075
random,42,2,n_elements,1,0.10234584852623314,0.006593334057695065,14.026593108603075
random,42,3,magpie:Number,6,1.3684557866185678,0.04971950402371949,13.881243956004479
random,42,3,magpie:MendeleevNumber,6,1.7388980713590563,0.06501399515785171,13.881243956004479
random,42,3,magpie:AtomicWeight,6,0.4497794369412844,0.02608367747272572,13.881243956004479
random,42,3,magpie:MeltingT,6,4.353958829225456,0.1052377686898463,13.881243956004479
random,42,3,magpie:Column,6,1.7351416902667118,0.050033868292818626,13.881243956004479
random,42,3,magpie:Row,6,0.33778263063099273,0.02025009696796671,13.881243956004479
random,42,3,magpie:CovalentRadius,6,1.9637824062302305,0.05835488343520121,13.881243956004479
random,42,3,magpie:Electronegativity,6,0.938672151741217,0.05316009810083097,13.881243956004479
random,42,3,magpie:NsValence,6,0.14361657599796196,0.010279205855042314,13.881243956004479
random,42,3,magpie:NpValence,6,1.6659724748872915,0.043767031721776775,13.881243956004479
random,42,3,magpie:NdValence,6,0.3118616702168627,0.015730802379561624,13.881243956004479
random,42,3,magpie:NfValence,6,0.056977448073121904,0.003508820698918352,13.881243956004479
random,42,3,magpie:NValence,6,0.4817390959830867,0.03824274555763059,13.881243956004479
random,42,3,magpie:NsUnfilled,6,0.2138630977194687,0.01960088703500431,13.881243956004479
random,42,3,magpie:NpUnfilled,6,1.2760553839545676,0.04799610762468571,13.881243956004479
random,42,3,magpie:NdUnfilled,6,4.926945603752776,0.13283338916249643,13.881243956004479
random,42,3,magpie:NfUnfilled,6,0.0,0.0,13.881243956004479
random,42,3,magpie:NUnfilled,6,3.8824228288065448,0.10117166733725204,13.881243956004479
random,42,3,magpie:GSvolume_pa,6,0.6646851096750371,0.051887000733198914,13.881243956004479
random,42,3,magpie:GSbandgap,6,1.2165247159834098,0.03687129309713917,13.881243956004479
random,42,3,magpie:GSmagmom,6,0.15066652418508325,0.011013169198252471,13.881243956004479
random,42,3,magpie:SpaceGroupNumber,6,0.3308235636811343,0.028291626424194003,13.881243956004479
random,42,3,a,1,3.8375594350275777,0.11863304133376731,13.881243956004479
random,42,3,b,1,2.4504136265461036,0.04469505322200599,13.881243956004479
random,42,3,gamma,1,1.2648816795023532,0.02865099144603533,13.881243956004479
random,42,3,area_per_atom,1,19.01104864899036,0.3223949482363473,13.881243956004479
random,42,3,nat,1,1.7055247955465433,0.05140660484467764,13.881243956004479
random,42,3,z_extent,1,1.9532277200219845,0.04351565951266153,13.881243956004479
random,42,3,spg_number,1,1.8539198104559786,0.05390888932262238,13.881243956004479
random,42,3,n_elements,1,0.07834376728434193,0.007415506074390708,13.881243956004479
random,42,4,magpie:Number,6,1.2292216678160006,0.05209706277501965,13.81760713914903
random,42,4,magpie:MendeleevNumber,6,1.0140724896014137,0.05156850060792026,13.81760713914903
random,42,4,magpie:AtomicWeight,6,0.5567511568960832,0.04237347699648079,13.81760713914903
random,42,4,magpie:MeltingT,6,4.3269283476451985,0.13365603465497028,13.81760713914903
random,42,4,magpie:Column,6,1.157598227443725,0.0509518336656142,13.81760713914903
random,42,4,magpie:Row,6,0.07817482494469559,0.012732352613913204,13.81760713914903
random,42,4,magpie:CovalentRadius,6,1.4299085935846745,0.05733894558767676,13.81760713914903
random,42,4,magpie:Electronegativity,6,0.97217471345371,0.0561184287229801,13.81760713914903
random,42,4,magpie:NsValence,6,0.12153561450871316,0.013098219504718258,13.81760713914903
random,42,4,magpie:NpValence,6,1.2287615091748811,0.048881695465575456,13.81760713914903
random,42,4,magpie:NdValence,6,0.18957778407640263,0.016606088760227938,13.81760713914903
random,42,4,magpie:NfValence,6,0.036112370188917706,0.0034492438017103143,13.81760713914903
random,42,4,magpie:NValence,6,0.49205542459964846,0.04009555550472236,13.81760713914903
random,42,4,magpie:NsUnfilled,6,0.07104801677549055,0.014056982057622196,13.81760713914903
random,42,4,magpie:NpUnfilled,6,0.9581759340940497,0.037826491035956714,13.81760713914903
random,42,4,magpie:NdUnfilled,6,3.7725429535701536,0.13691398392862944,13.81760713914903
random,42,4,magpie:NfUnfilled,6,0.0,0.0,13.81760713914903
random,42,4,magpie:NUnfilled,6,3.344028734546697,0.10707182908071451,13.81760713914903
random,42,4,magpie:GSvolume_pa,6,0.7587813135268074,0.05387476397096596,13.81760713914903
random,42,4,magpie:GSbandgap,6,0.511422559833667,0.031078332406964587,13.81760713914903
random,42,4,magpie:GSmagmom,6,0.1389519457523228,0.007407772651332977,13.81760713914903
random,42,4,magpie:SpaceGroupNumber,6,0.5672835384779539,0.029252794144919658,13.81760713914903
random,42,4,a,1,3.4817518259105045,0.12062622960317497,13.81760713914903
random,42,4,b,1,2.434572525880484,0.056010268753121886,13.81760713914903
random,42,4,gamma,1,0.797754005423506,0.028997648951287334,13.81760713914903
random,42,4,area_per_atom,1,16.72139218359907,0.31697942275246493,13.81760713914903
random,42,4,nat,1,1.559982387246238,0.051336325081087666,13.81760713914903
random,42,4,z_extent,1,1.4966542969949888,0.03667818666736363,13.81760713914903
random,42,4,spg_number,1,1.3591155091847884,0.04860277029371863,13.81760713914903
random,42,4,n_elements,1,0.1340999084480341,0.009408956162747888,13.81760713914903
random,43,0,magpie:Number,6,1.528257172348993,0.05235292897554724,13.683274183839748
random,43,0,magpie:MendeleevNumber,6,0.8108390884515213,0.05039936027944754,13.683274183839748
random,43,0,magpie:AtomicWeight,6,0.5177064635180173,0.03832596503304879,13.683274183839748
random,43,0,magpie:MeltingT,6,3.7938760318866374,0.11256491546514125,13.683274183839748
random,43,0,magpie:Column,6,1.3309006695210701,0.05485953409196889,13.683274183839748
random,43,0,magpie:Row,6,0.15552027296119952,0.012253850116271505,13.683274183839748
random,43,0,magpie:CovalentRadius,6,1.2568956568180156,0.056026469786236696,13.683274183839748
random,43,0,magpie:Electronegativity,6,0.9409832213833124,0.05527140311161088,13.683274183839748
random,43,0,magpie:NsValence,6,0.13546208010446215,0.014700405589579293,13.683274183839748
random,43,0,magpie:NpValence,6,1.197297699645319,0.04526541388205278,13.683274183839748
random,43,0,magpie:NdValence,6,0.3591603805394559,0.017718470575781957,13.683274183839748
random,43,0,magpie:NfValence,6,0.10657155260914805,0.007226762949418902,13.683274183839748
random,43,0,magpie:NValence,6,0.5059958568257737,0.04828536530417052,13.683274183839748
random,43,0,magpie:NsUnfilled,6,0.16326369342732755,0.02029831603067956,13.683274183839748
random,43,0,magpie:NpUnfilled,6,1.3880663141041534,0.04766518502492802,13.683274183839748
random,43,0,magpie:NdUnfilled,6,4.6430571009336505,0.1417124534017054,13.683274183839748
random,43,0,magpie:NfUnfilled,6,0.0,0.0,13.683274183839748
random,43,0,magpie:NUnfilled,6,3.899860297039338,0.12487016447751922,13.683274183839748
random,43,0,magpie:GSvolume_pa,6,1.1772191726418288,0.05846240145294947,13.683274183839748
random,43,0,magpie:GSbandgap,6,0.62528486687883,0.030200907312670156,13.683274183839748
random,43,0,magpie:GSmagmom,6,0.09602015021204906,0.008994589889017966,13.683274183839748
random,43,0,magpie:SpaceGroupNumber,6,0.43410906070415756,0.03140819786838809,13.683274183839748
random,43,0,a,1,3.8163246094415753,0.12814832972997767,13.683274183839748
random,43,0,b,1,1.6230779547148657,0.045321524890710375,13.683274183839748
random,43,0,gamma,1,0.6552058560071921,0.02111505227280651,13.683274183839748
random,43,0,area_per_atom,1,15.977373057364707,0.29974951305883113,13.683274183839748
random,43,0,nat,1,1.3436897438091482,0.055039811856759054,13.683274183839748
random,43,0,z_extent,1,1.4499878602273957,0.03648516778950199,13.683274183839748
random,43,0,spg_number,1,1.7789096040273624,0.05317800674847307,13.683274183839748
random,43,0,n_elements,1,0.0468441877950017,0.0063517503413739,13.683274183839748
random,43,1,magpie:Number,6,1.0344149086422667,0.044155409395683194,13.2174298168484
random,43,1,magpie:MendeleevNumber,6,1.0239639789751742,0.050742801522719296,13.2174298168484
random,43,1,magpie:AtomicWeight,6,0.6896868843137256,0.03333465074631121,13.2174298168484
random,43,1,magpie:MeltingT,6,4.447704390334023,0.1120296335609245,13.2174298168484
random,43,1,magpie:Column,6,1.0043605820403674,0.036154922247039666,13.2174298168484
random,43,1,magpie:Row,6,0.46456794135781865,0.018246521501734815,13.2174298168484
random,43,1,magpie:CovalentRadius,6,1.690756536950401,0.04889972784292385,13.2174298168484
random,43,1,magpie:Electronegativity,6,1.244880039541498,0.05657976631588905,13.2174298168484
random,43,1,magpie:NsValence,6,0.10102970884877002,0.01049247148216223,13.2174298168484
random,43,1,magpie:NpValence,6,1.2687187987976365,0.045327474066484214,13.2174298168484
random,43,1,magpie:NdValence,6,0.46924607929114936,0.01835800485880894,13.2174298168484
random,43,1,magpie:NfValence,6,0.0952743160134947,0.005960679873686032,13.2174298168484
random,43,1,magpie:NValence,6,0.4191335394967023,0.039022807888529895,13.2174298168484
random,43,1,magpie:NsUnfilled,6,0.11793030157854253,0.015155052822746361,13.2174298168484
random,43,1,magpie:NpUnfilled,6,1.7863365436525906,0.053549729355347936,13.2174298168484
random,43,1,magpie:NdUnfilled,6,5.817045728036116,0.14589148317362569,13.2174298168484
random,43,1,magpie:NfUnfilled,6,0.0,0.0,13.2174298168484
random,43,1,magpie:NUnfilled,6,3.9666591298059233,0.10832207483798723,13.2174298168484
random,43,1,magpie:GSvolume_pa,6,0.9013471796777253,0.0587943955298823,13.2174298168484
random,43,1,magpie:GSbandgap,6,0.9286433624949385,0.03259588830181136,13.2174298168484
random,43,1,magpie:GSmagmom,6,0.09008949569321309,0.007199371563883262,13.2174298168484
random,43,1,magpie:SpaceGroupNumber,6,0.6988406876200326,0.030943601573547867,13.2174298168484
random,43,1,a,1,3.7653225824497936,0.12379747165945591,13.2174298168484
random,43,1,b,1,2.511957000204593,0.060377496022983715,13.2174298168484
random,43,1,gamma,1,0.5130769553994007,0.021189829240412437,13.2174298168484
random,43,1,area_per_atom,1,17.58445627613252,0.3038814643465575,13.2174298168484
random,43,1,nat,1,2.120671306512844,0.06164106705091622,13.2174298168484
random,43,1,z_extent,1,1.4388185348847045,0.0397188356133629,13.2174298168484
random,43,1,spg_number,1,1.9012148068322223,0.052255064138116654,13.2174298168484
random,43,1,n_elements,1,0.05333155540818346,0.004595605222763888,13.2174298168484
random,43,2,magpie:Number,6,0.7723126206412904,0.03821779707308677,14.285706764484628
random,43,2,magpie:MendeleevNumber,6,1.2583401161986274,0.057305757487055596,14.285706764484628
random,43,2,magpie:AtomicWeight,6,0.7071242289188167,0.03335268800081961,14.285706764484628
random,43,2,magpie:MeltingT,6,4.003889750295217,0.10172541566041053,14.285706764484628
random,43,2,magpie:Column,6,1.5088603920634536,0.04323078970831638,14.285706764484628
random,43,2,magpie:Row,6,0.59716427566782,0.027499322250026444,14.285706764484628
random,43,2,magpie:CovalentRadius,6,1.5934313127824464,0.05574274184963948,14.285706764484628
random,43,2,magpie:Electronegativity,6,0.9616100450312828,0.051923555099180056,14.285706764484628
random,43,2,magpie:NsValence,6,-0.004003281001028825,0.011121964925647699,14.285706764484628
random,43,2,magpie:NpValence,6,1.5568663098651137,0.052231941185905885,14.285706764484628
random,43,2,magpie:NdValence,6,0.39395308014695374,0.016638358560083482,14.285706764484628
random,43,2,magpie:NfValence,6,0.07862465848729627,0.006291985354468291,14.285706764484628
random,43,2,magpie:NValence,6,0.42668949814523816,0.03967209907009345,14.285706764484628
random,43,2,magpie:NsUnfilled,6,0.1602127916682285,0.01526719392564507,14.285706764484628
random,43,2,magpie:NpUnfilled,6,1.3141831141948006,0.04589979789456835,14.285706764484628
random,43,2,magpie:NdUnfilled,6,4.394814305847326,0.1469131198011821,14.285706764484628
random,43,2,magpie:NfUnfilled,6,0.0,0.0,14.285706764484628
random,43,2,magpie:NUnfilled,6,4.11528859610776,0.09881825638128833,14.285706764484628
random,43,2,magpie:GSvolume_pa,6,0.9758191417010131,0.0612576039238927,14.285706764484628
random,43,2,magpie:GSbandgap,6,1.0294036980229364,0.032442409786180536,14.285706764484628
random,43,2,magpie:GSmagmom,6,0.15319086877501462,0.007494925405562197,14.285706764484628
random,43,2,magpie:SpaceGroupNumber,6,0.7372622532716562,0.029247549638605545,14.285706764484628
random,43,2,a,1,4.3805295839796825,0.13110004233633807,14.285706764484628
random,43,2,b,1,1.8488457924789994,0.049137853020657304,14.285706764484628
random,43,2,gamma,1,0.7357137298271684,0.021034238318828596,14.285706764484628
random,43,2,area_per_atom,1,17.65798073618722,0.30773105043620724,14.285706764484628
random,43,2,nat,1,2.3077141744558287,0.06761137205241867,14.285706764484628
random,43,2,z_extent,1,1.953124265243351,0.03948149022093838,14.285706764484628
random,43,2,spg_number,1,1.786190279079403,0.050680093188083544,14.285706764484628
random,43,2,n_elements,1,0.04441178689181875,0.006735157904821817,14.285706764484628
random,43,3,magpie:Number,6,0.9295433120881977,0.043286508786463285,13.43699858685773
random,43,3,magpie:MendeleevNumber,6,1.2494545724739787,0.05632214084800367,13.43699858685773
random,43,3,magpie:AtomicWeight,6,0.4736690656809873,0.03372589545939115,13.43699858685773
random,43,3,magpie:MeltingT,6,4.398720548678618,0.1137628131924315,13.43699858685773
random,43,3,magpie:Column,6,1.0877758054753328,0.043436837122836365,13.43699858685773
random,43,3,magpie:Row,6,0.1356265925496544,0.012377083543686003,13.43699858685773
random,43,3,magpie:CovalentRadius,6,2.1184648106705124,0.0659589828411556,13.43699858685773
random,43,3,magpie:Electronegativity,6,0.8713792961576093,0.06161936466183661,13.43699858685773
random,43,3,magpie:NsValence,6,0.07614672982006035,0.011554616543672297,13.43699858685773
random,43,3,magpie:NpValence,6,1.3413173200266553,0.04696318923551689,13.43699858685773
random,43,3,magpie:NdValence,6,0.21470501970624484,0.012361528800091877,13.43699858685773
random,43,3,magpie:NfValence,6,0.010567572726124297,0.0053562602637077265,13.43699858685773
random,43,3,magpie:NValence,6,0.5533820459297264,0.038614035653921255,13.43699858685773
random,43,3,magpie:NsUnfilled,6,0.129919988364437,0.015266323200671924,13.43699858685773
random,43,3,magpie:NpUnfilled,6,1.2791782922849504,0.04407911939866442,13.43699858685773
random,43,3,magpie:NdUnfilled,6,4.1971660577399135,0.14780956547268176,13.43699858685773
random,43,3,magpie:NfUnfilled,6,0.0,0.0,13.43699858685773
random,43,3,magpie:NUnfilled,6,3.7558741556364788,0.10339966560063689,13.43699858685773
random,43,3,magpie:GSvolume_pa,6,0.829634144235093,0.06135989264818134,13.43699858685773
random,43,3,magpie:GSbandgap,6,0.6672930044206662,0.031165447216384715,13.43699858685773
random,43,3,magpie:GSmagmom,6,0.22352252236793396,0.010850146469009083,13.43699858685773
random,43,3,magpie:SpaceGroupNumber,6,0.6629324622825873,0.029485716396179605,13.43699858685773
random,43,3,a,1,4.741074895891626,0.12550070341119776,13.43699858685773
random,43,3,b,1,1.9137483249629903,0.05307888934798336,13.43699858685773
random,43,3,gamma,1,0.7466116245071109,0.02345123825608637,13.43699858685773
random,43,3,area_per_atom,1,16.349151041443992,0.3041024724576264,13.43699858685773
random,43,3,nat,1,1.6740502268842896,0.05142991165275182,13.43699858685773
random,43,3,z_extent,1,1.6007982849098739,0.04110850293330375,13.43699858685773
random,43,3,spg_number,1,1.9585729198744843,0.050801705697209806,13.43699858685773
random,43,3,n_elements,1,0.07380297377082208,0.00530875630944159,13.43699858685773
random,43,4,magpie:Number,6,0.9226187437419817,0.052968109726026516,14.043626650875282
random,43,4,magpie:MendeleevNumber,6,1.1361310084388472,0.06030654912026037,14.043626650875282
random,43,4,magpie:AtomicWeight,6,0.31035332972809504,0.030913378933677328,14.043626650875282
random,43,4,magpie:MeltingT,6,3.485933371840585,0.11945182285658372,14.043626650875282
random,43,4,magpie:Column,6,0.7986157270038362,0.05066363751646589,14.043626650875282
random,43,4,magpie:Row,6,0.06430105486495563,0.014002289360856405,14.043626650875282
random,43,4,magpie:CovalentRadius,6,1.0283394549597211,0.05062418303662674,14.043626650875282
random,43,4,magpie:Electronegativity,6,0.6416510020808677,0.050669811537061966,14.043626650875282
random,43,4,magpie:NsValence,6,0.08535851524942188,0.011098141484446915,14.043626650875282
random,43,4,magpie:NpValence,6,0.9460869140022329,0.042335620841418384,14.043626650875282
random,43,4,magpie:NdValence,6,0.10764849985424582,0.014613772723381442,14.043626650875282
random,43,4,magpie:NfValence,6,0.06900073352893017,0.005531733406560592,14.043626650875282
random,43,4,magpie:NValence,6,0.368378776427873,0.04360691905783076,14.043626650875282
random,43,4,magpie:NsUnfilled,6,0.17817496483486295,0.019530229197113693,14.043626650875282
random,43,4,magpie:NpUnfilled,6,1.1632654254991746,0.046496955273214784,14.043626650875282
random,43,4,magpie:NdUnfilled,6,4.053885201555161,0.13552680787785776,14.043626650875282
random,43,4,magpie:NfUnfilled,6,0.0,0.0,14.043626650875282
random,43,4,magpie:NUnfilled,6,3.848463009891386,0.1050146923591117,14.043626650875282
random,43,4,magpie:GSvolume_pa,6,0.7336493966556119,0.05382344135956354,14.043626650875282
random,43,4,magpie:GSbandgap,6,0.5046803952141772,0.030710785778276194,14.043626650875282
random,43,4,magpie:GSmagmom,6,0.09649291022521815,0.008339071844549873,14.043626650875282
random,43,4,magpie:SpaceGroupNumber,6,0.42908332317487635,0.027419814771002388,14.043626650875282
random,43,4,a,1,4.554585233344088,0.12731453825966432,14.043626650875282
random,43,4,b,1,1.5586836646412645,0.043475045391043785,14.043626650875282
random,43,4,gamma,1,0.6441799171409205,0.022737013974690194,14.043626650875282
random,43,4,area_per_atom,1,16.530876743225637,0.29729892076411973,14.043626650875282
random,43,4,nat,1,1.920022126429871,0.058406392914384195,14.043626650875282
random,43,4,z_extent,1,1.291047703627234,0.036823271716449106,14.043626650875282
random,43,4,spg_number,1,2.113136261403509,0.05820063848450225,14.043626650875282
random,43,4,n_elements,1,0.09410044822754245,0.0039823622192400815,14.043626650875282
random,44,0,magpie:Number,6,0.5947401140943569,0.039983741184723316,14.412740449723518
random,44,0,magpie:MendeleevNumber,6,1.3494492247022651,0.05642126146326331,14.412740449723518
random,44,0,magpie:AtomicWeight,6,1.1504085844982335,0.05138670588719567,14.412740449723518
random,44,0,magpie:MeltingT,6,4.189139863899126,0.12424849471485491,14.412740449723518
random,44,0,magpie:Column,6,1.428432039132188,0.048834873061855445,14.412740449723518
random,44,0,magpie:Row,6,0.2837452062250382,0.01371524270694272,14.412740449723518
random,44,0,magpie:CovalentRadius,6,1.9942927382000775,0.053532222915616656,14.412740449723518
random,44,0,magpie:Electronegativity,6,0.9179388954702385,0.048138032350413966,14.412740449723518
random,44,0,magpie:NsValence,6,0.1143695497670258,0.011935894677403287,14.412740449723518
random,44,0,magpie:NpValence,6,1.4993932273367936,0.04031184666388612,14.412740449723518
random,44,0,magpie:NdValence,6,0.41616268414143465,0.021813379034152876,14.412740449723518
random,44,0,magpie:NfValence,6,0.09307881845792423,0.006482262266074144,14.412740449723518
random,44,0,magpie:NValence,6,0.33490848640695636,0.034090985751502656,14.412740449723518
random,44,0,magpie:NsUnfilled,6,0.12179751422628052,0.012486869628187569,14.412740449723518
random,44,0,magpie:NpUnfilled,6,1.288102601214841,0.04563461476909078,14.412740449723518
random,44,0,magpie:NdUnfilled,6,5.277508524396022,0.1492154061573475,14.412740449723518
random,44,0,magpie:NfUnfilled,6,0.0,0.0,14.412740449723518
random,44,0,magpie:NUnfilled,6,3.5677554108105825,0.09372403281112532,14.412740449723518
random,44,0,magpie:GSvolume_pa,6,1.0489516165517732,0.055219226967299334,14.412740449723518
random,44,0,magpie:GSbandgap,6,0.760116333182243,0.028831937457673523,14.412740449723518
random,44,0,magpie:GSmagmom,6,0.11526942415603614,0.008940670199452746,14.412740449723518
random,44,0,magpie:SpaceGroupNumber,6,0.5820961777089664,0.030458876658963165,14.412740449723518
random,44,0,a,1,3.5678961122044677,0.11290894374924539,14.412740449723518
random,44,0,b,1,1.7503649762644193,0.03986673649334597,14.412740449723518
random,44,0,gamma,1,0.7023792245665195,0.025951070138726773,14.412740449723518
random,44,0,area_per_atom,1,19.651514544232366,0.3395743198004496,14.412740449723518
random,44,0,nat,1,1.1075695308027353,0.03824337456718917,14.412740449723518
random,44,0,z_extent,1,1.8730085586612084,0.04237186367589429,14.412740449723518
random,44,0,spg_number,1,1.7374414106246063,0.05023116830396469,14.412740449723518
random,44,0,n_elements,1,0.07099006410080229,0.006044207020236174,14.412740449723518
random,44,1,magpie:Number,6,0.6027517421146357,0.040328633691075186,15.070428462848824
random,44,1,magpie:MendeleevNumber,6,1.1695607999225281,0.0577114689969401,15.070428462848824
random,44,1,magpie:AtomicWeight,6,1.0454528494557436,0.04693918741557384,15.070428462848824
random,44,1,magpie:MeltingT,6,4.056870708763279,0.12399828013714509,15.070428462848824
random,44,1,magpie:Column,6,1.0015769279036193,0.04500341271546564,15.070428462848824
random,44,1,magpie:Row,6,0.37890905099332456,0.020594697139846883,15.070428462848824
random,44,1,magpie:CovalentRadius,6,1.004590984569814,0.048698497206541215,15.070428462848824
random,44,1,magpie:Electronegativity,6,1.0544500133737773,0.05823118818719445,15.070428462848824
random,44,1,magpie:NsValence,6,0.2055185430036172,0.015897847202266044,15.070428462848824
random,44,1,magpie:NpValence,6,1.0045272619851944,0.03575888960191156,15.070428462848824
random,44,1,magpie:NdValence,6,0.16370355664948094,0.017806758158366763,15.070428462848824
random,44,1,magpie:NfValence,6,0.016489316905406427,0.005168003220921465,15.070428462848824
random,44,1,magpie:NValence,6,0.2950355677281884,0.03580466383057057,15.070428462848824
random,44,1,magpie:NsUnfilled,6,0.010614050969427424,0.010413786163934208,15.070428462848824
random,44,1,magpie:NpUnfilled,6,1.1156373513215585,0.04702009784461819,15.070428462848824
random,44,1,magpie:NdUnfilled,6,3.737903185264141,0.12655245465851317,15.070428462848824
random,44,1,magpie:NfUnfilled,6,0.0,0.0,15.070428462848824
random,44,1,magpie:NUnfilled,6,3.8923978523944776,0.11726604677584913,15.070428462848824
random,44,1,magpie:GSvolume_pa,6,0.8601474117468072,0.051087837421433795,15.070428462848824
random,44,1,magpie:GSbandgap,6,0.5565578310266581,0.02927235077740232,15.070428462848824
random,44,1,magpie:GSmagmom,6,0.020715600503225674,0.005745989847416486,15.070428462848824
random,44,1,magpie:SpaceGroupNumber,6,0.5376797122008771,0.029788605119913894,15.070428462848824
random,44,1,a,1,3.582851368221971,0.10509692340433203,15.070428462848824
random,44,1,b,1,1.5144375890670339,0.050340979971471196,15.070428462848824
random,44,1,gamma,1,0.7091397119450956,0.027182349995603892,15.070428462848824
random,44,1,area_per_atom,1,18.186461869904573,0.3520122225655637,15.070428462848824
random,44,1,nat,1,1.5292651140798916,0.04912335630553566,15.070428462848824
random,44,1,z_extent,1,1.8093753971248538,0.04073067170964777,15.070428462848824
random,44,1,spg_number,1,1.805746467889474,0.04862748378140451,15.070428462848824
random,44,1,n_elements,1,0.008156194833402708,0.005254121431594105,15.070428462848824
random,44,2,magpie:Number,6,1.0176322646167457,0.038451198976456706,14.098603949248451
random,44,2,magpie:MendeleevNumber,6,1.1194061457318376,0.057887289376483304,14.098603949248451
random,44,2,magpie:AtomicWeight,6,0.39671547842938504,0.027856796546436927,14.098603949248451
random,44,2,magpie:MeltingT,6,3.889375009666901,0.12144944582559773,14.098603949248451
random,44,2,magpie:Column,6,1.3031525853059835,0.05502769621047178,14.098603949248451
random,44,2,magpie:Row,6,0.21693602995668898,0.015007777462368812,14.098603949248451
random,44,2,magpie:CovalentRadius,6,1.4940109447716836,0.053896767665899736,14.098603949248451
random,44,2,magpie:Electronegativity,6,0.6099267918722913,0.048820420011865415,14.098603949248451
random,44,2,magpie:NsValence,6,0.09958202676546009,0.01188196301935555,14.098603949248451
random,44,2,magpie:NpValence,6,1.0747032215720551,0.03982795482978046,14.098603949248451
random,44,2,magpie:NdValence,6,0.34893465070440255,0.017635706272601113,14.098603949248451
random,44,2,magpie:NfValence,6,0.05410277932776815,0.0032685342677925234,14.098603949248451
random,44,2,magpie:NValence,6,0.4547100649107282,0.040783753712015515,14.098603949248451
random,44,2,magpie:NsUnfilled,6,0.09392340337544028,0.013357988688341885,14.098603949248451
random,44,2,magpie:NpUnfilled,6,1.6382777732225982,0.04463129231242508,14.098603949248451
random,44,2,magpie:NdUnfilled,6,4.921010457014067,0.13056018946255513,14.098603949248451
random,44,2,magpie:NfUnfilled,6,0.0,0.0,14.098603949248451
random,44,2,magpie:NUnfilled,6,4.259482562490595,0.11523286245361966,14.098603949248451
random,44,2,magpie:GSvolume_pa,6,0.826703831045091,0.057281843148929125,14.098603949248451
random,44,2,magpie:GSbandgap,6,0.5472358080449794,0.025335335444956444,14.098603949248451
random,44,2,magpie:GSmagmom,6,0.09229318951657425,0.008486603218767855,14.098603949248451
random,44,2,magpie:SpaceGroupNumber,6,0.4310846798653383,0.02844535120881502,14.098603949248451
random,44,2,a,1,4.167335278689835,0.11866142051605205,14.098603949248451
random,44,2,b,1,1.9625694586235212,0.04662392704179461,14.098603949248451
random,44,2,gamma,1,0.9363468334825701,0.026775791923556093,14.098603949248451
random,44,2,area_per_atom,1,18.207748217051993,0.33101902253302706,14.098603949248451
random,44,2,nat,1,1.4659126805151057,0.052922336889114775,14.098603949248451
random,44,2,z_extent,1,1.7847648540731995,0.04231788626632476,14.098603949248451
random,44,2,spg_number,1,1.7332452924690283,0.0521840391292784,14.098603949248451
random,44,2,n_elements,1,0.06101064675668155,0.006279930752191655,14.098603949248451
random,44,3,magpie:Number,6,1.066671480576614,0.04676621079683844,13.327754076860147
random,44,3,magpie:MendeleevNumber,6,1.2750930240562173,0.05620994160928481,13.327754076860147
random,44,3,magpie:AtomicWeight,6,0.7606398196968758,0.03061421776476878,13.327754076860147
random,44,3,magpie:MeltingT,6,4.619911517771385,0.12935640888839162,13.327754076860147
random,44,3,magpie:Column,6,1.450004069995332,0.050957187408592126,13.327754076860147
random,44,3,magpie:Row,6,0.25012519113192405,0.013903398278500328,13.327754076860147
random,44,3,magpie:CovalentRadius,6,1.6842665610756733,0.04645125439789227,13.327754076860147
random,44,3,magpie:Electronegativity,6,0.8022938480123315,0.05428402072772418,13.327754076860147
random,44,3,magpie:NsValence,6,0.09556889910088806,0.00867515252582209,13.327754076860147
random,44,3,magpie:NpValence,6,1.059524822918035,0.03881141730569953,13.327754076860147
random,44,3,magpie:NdValence,6,0.3005611040793685,0.015263709006485307,13.327754076860147
random,44,3,magpie:NfValence,6,0.030681252209147303,0.003756189633369201,13.327754076860147
random,44,3,magpie:NValence,6,0.311713314245905,0.03530276978512283,13.327754076860147
random,44,3,magpie:NsUnfilled,6,0.19459019601019598,0.01502412901565101,13.327754076860147
random,44,3,magpie:NpUnfilled,6,1.5933829635864512,0.048980323230334216,13.327754076860147
random,44,3,magpie:NdUnfilled,6,4.048944832728411,0.12078055424927991,13.327754076860147
random,44,3,magpie:NfUnfilled,6,0.0,0.0,13.327754076860147
random,44,3,magpie:NUnfilled,6,4.391653750285802,0.10657414165050154,13.327754076860147
random,44,3,magpie:GSvolume_pa,6,0.6351518704872785,0.05048238322684678,13.327754076860147
random,44,3,magpie:GSbandgap,6,1.017982855760097,0.03157980914861311,13.327754076860147
random,44,3,magpie:GSmagmom,6,0.14543055006134403,0.007599712398618047,13.327754076860147
random,44,3,magpie:SpaceGroupNumber,6,0.6176119681308592,0.03238638549841875,13.327754076860147
random,44,3,a,1,3.8611313893920594,0.12107686579572514,13.327754076860147
random,44,3,b,1,1.7042841613035793,0.04531291992991328,13.327754076860147
random,44,3,gamma,1,0.6268891191109119,0.026271329454470062,13.327754076860147
random,44,3,area_per_atom,1,18.072188774041905,0.33554601483924057,13.327754076860147
random,44,3,nat,1,1.1767176855422428,0.033377586798633785,13.327754076860147
random,44,3,z_extent,1,1.6649744541289977,0.036862273087584364,13.327754076860147
random,44,3,spg_number,1,1.7418667292130148,0.0507857763258203,13.327754076860147
random,44,3,n_elements,1,0.061794252568237694,0.008257154287234185,13.327754076860147
random,44,4,magpie:Number,6,0.6563216682310706,0.03798549873155337,13.003653601577494
random,44,4,magpie:MendeleevNumber,6,1.0540344366533936,0.06111192108700412,13.003653601577494
random,44,4,magpie:AtomicWeight,6,0.6984038494802135,0.037629379905692026,13.003653601577494
random,44,4,magpie:MeltingT,6,3.6029564523843964,0.1226358641545586,13.003653601577494
random,44,4,magpie:Column,6,1.5922648837308266,0.054882671762769134,13.003653601577494
random,44,4,magpie:Row,6,0.33029485330278907,0.02822444507222329,13.003653601577494
random,44,4,magpie:CovalentRadius,6,1.1107868944792405,0.045007520781445653,13.003653601577494
random,44,4,magpie:Electronegativity,6,0.7693215291285472,0.049761115040824096,13.003653601577494
random,44,4,magpie:NsValence,6,0.14478557056112712,0.013874611037944833,13.003653601577494
random,44,4,magpie:NpValence,6,1.1404185199347077,0.03821579762644871,13.003653601577494
random,44,4,magpie:NdValence,6,0.2550772022122317,0.015566467894977336,13.003653601577494
random,44,4,magpie:NfValence,6,0.008064392188928692,0.004903548815072149,13.003653601577494
random,44,4,magpie:NValence,6,0.47252672656085865,0.03913346450448832,13.003653601577494
random,44,4,magpie:NsUnfilled,6,0.1957371967035492,0.015610488984997962,13.003653601577494
random,44,4,magpie:NpUnfilled,6,1.207964847688206,0.04401110137320532,13.003653601577494
random,44,4,magpie:NdUnfilled,6,3.348110074416288,0.12012322836966233,13.003653601577494
random,44,4,magpie:NfUnfilled,6,0.0,0.0,13.003653601577494
random,44,4,magpie:NUnfilled,6,3.410771028120574,0.1104227000942963,13.003653601577494
random,44,4,magpie:GSvolume_pa,6,0.9615986011936559,0.05761408062386015,13.003653601577494
random,44,4,magpie:GSbandgap,6,0.5806291903859317,0.02904194275806402,13.003653601577494
random,44,4,magpie:GSmagmom,6,0.11856490754286142,0.00733511513470271,13.003653601577494
random,44,4,magpie:SpaceGroupNumber,6,0.6377386946025758,0.029448695612795603,13.003653601577494
random,44,4,a,1,3.2444391397763703,0.11534081022391794,13.003653601577494
random,44,4,b,1,1.685856442675017,0.04597129140003799,13.003653601577494
random,44,4,gamma,1,0.8100534101481497,0.029844918320348787,13.003653601577494
random,44,4,area_per_atom,1,17.10088640879431,0.329852606746496,13.003653601577494
random,44,4,nat,1,0.9492292735216484,0.038616502581860015,13.003653601577494
random,44,4,z_extent,1,1.7414360317209223,0.043728371317087185,13.003653601577494
random,44,4,spg_number,1,1.395159996399072,0.0526127013041976,13.003653601577494
random,44,4,n_elements,1,0.08137621134250353,0.006413490343077109,13.003653601577494
chemsys,42,0,magpie:Number,6,1.029126728582591,0.04692227608223469,14.285716133753864
chemsys,42,0,magpie:MendeleevNumber,6,0.9936424124335069,0.04813887025305423,14.285716133753864
chemsys,42,0,magpie:AtomicWeight,6,0.41478650229076275,0.02897174937041846,14.285716133753864
chemsys,42,0,magpie:MeltingT,6,3.98000112888827,0.11777700650488325,14.285716133753864
chemsys,42,0,magpie:Column,6,1.5278239058826315,0.05437587377400728,14.285716133753864
chemsys,42,0,magpie:Row,6,0.4878871815140954,0.022497949950732486,14.285716133753864
chemsys,42,0,magpie:CovalentRadius,6,1.2313307592822162,0.05103058488668919,14.285716133753864
chemsys,42,0,magpie:Electronegativity,6,0.9653328157693004,0.05285794037684493,14.285716133753864
chemsys,42,0,magpie:NsValence,6,0.10665939529502388,0.013826027062411617,14.285716133753864
chemsys,42,0,magpie:NpValence,6,1.4421797675491228,0.05846323132792823,14.285716133753864
chemsys,42,0,magpie:NdValence,6,0.43462172312402103,0.016459298073069003,14.285716133753864
chemsys,42,0,magpie:NfValence,6,0.026912032409921592,0.004799426501175786,14.285716133753864
chemsys,42,0,magpie:NValence,6,0.498411000780715,0.033209041298294766,14.285716133753864
chemsys,42,0,magpie:NsUnfilled,6,0.24513563962222093,0.018148491291884117,14.285716133753864
chemsys,42,0,magpie:NpUnfilled,6,1.3339443061233673,0.04205175690242872,14.285716133753864
chemsys,42,0,magpie:NdUnfilled,6,3.5728848290516337,0.15242454455089616,14.285716133753864
chemsys,42,0,magpie:NfUnfilled,6,0.0,0.0,14.285716133753864
chemsys,42,0,magpie:NUnfilled,6,2.646349525338377,0.08631344050708381,14.285716133753864
chemsys,42,0,magpie:GSvolume_pa,6,1.1266995441684233,0.058165154685920616,14.285716133753864
chemsys,42,0,magpie:GSbandgap,6,0.781744024365252,0.036419446900778134,14.285716133753864
chemsys,42,0,magpie:GSmagmom,6,0.12673806286875938,0.00791875634349424,14.285716133753864
chemsys,42,0,magpie:SpaceGroupNumber,6,0.4410943258078756,0.029032136739350723,14.285716133753864
chemsys,42,0,a,1,3.754243374561308,0.1155361289651919,14.285716133753864
chemsys,42,0,b,1,1.9631094815955603,0.050456522524999034,14.285716133753864
chemsys,42,0,gamma,1,0.7915420442124091,0.026385315763964357,14.285716133753864
chemsys,42,0,area_per_atom,1,16.143307178135974,0.32091063956098487,14.285716133753864
chemsys,42,0,nat,1,1.3533791226570042,0.04643712896788718,14.285716133753864
chemsys,42,0,z_extent,1,1.6372907062603894,0.042398624398691534,14.285716133753864
chemsys,42,0,spg_number,1,1.8993116944416406,0.05587022334945447,14.285716133753864
chemsys,42,0,n_elements,1,0.09283857546817025,0.005390705064228942,14.285716133753864
chemsys,42,1,magpie:Number,6,0.9761455941225851,0.045839338142560596,12.96557159338276
chemsys,42,1,magpie:MendeleevNumber,6,1.1825502561005379,0.051957952361893885,12.96557159338276
chemsys,42,1,magpie:AtomicWeight,6,0.4029475831710531,0.03485402847503561,12.96557159338276
chemsys,42,1,magpie:MeltingT,6,4.319940639143276,0.11872285724724127,12.96557159338276
chemsys,42,1,magpie:Column,6,1.283889506457987,0.045158110942139784,12.96557159338276
chemsys,42,1,magpie:Row,6,0.26831650650748673,0.021848207052521256,12.96557159338276
chemsys,42,1,magpie:CovalentRadius,6,1.0544488806187484,0.04043314104851164,12.96557159338276
chemsys,42,1,magpie:Electronegativity,6,0.8504056955129204,0.054299132352999616,12.96557159338276
chemsys,42,1,magpie:NsValence,6,0.10454186079911203,0.01283918318933629,12.96557159338276
chemsys,42,1,magpie:NpValence,6,1.214899119967041,0.049459822966340876,12.96557159338276
chemsys,42,1,magpie:NdValence,6,0.37225269272081507,0.021366051923834332,12.96557159338276
chemsys,42,1,magpie:NfValence,6,0.034993210607527914,0.005542434319351616,12.96557159338276
chemsys,42,1,magpie:NValence,6,0.28058936638094245,0.03233393039920532,12.96557159338276
chemsys,42,1,magpie:NsUnfilled,6,0.15305668213574108,0.01744380303615064,12.96557159338276
chemsys,42,1,magpie:NpUnfilled,6,1.4921083743451597,0.04716397395110331,12.96557159338276
chemsys,42,1,magpie:NdUnfilled,6,5.259792475019554,0.15294664900814056,12.96557159338276
chemsys,42,1,magpie:NfUnfilled,6,0.0,0.0,12.96557159338276
chemsys,42,1,magpie:NUnfilled,6,3.5193244576416745,0.09551312255580877,12.96557159338276
chemsys,42,1,magpie:GSvolume_pa,6,1.0540089980345648,0.0612619173271282,12.96557159338276
chemsys,42,1,magpie:GSbandgap,6,0.5668356889173634,0.033047480600539185,12.96557159338276
chemsys,42,1,magpie:GSmagmom,6,0.18958262510495275,0.008158586549994188,12.96557159338276
chemsys,42,1,magpie:SpaceGroupNumber,6,0.3873258824064429,0.028689568776321193,12.96557159338276
chemsys,42,1,a,1,3.3068272828299343,0.10767026368678125,12.96557159338276
chemsys,42,1,b,1,2.235656689581686,0.048691799301792245,12.96557159338276
chemsys,42,1,gamma,1,0.7288010614082235,0.027409617186592204,12.96557159338276
chemsys,42,1,area_per_atom,1,19.49155003206868,0.3278185027298047,12.96557159338276
chemsys,42,1,nat,1,1.2097348754787323,0.041105992151823305,12.96557159338276
chemsys,42,1,z_extent,1,1.8605623061170509,0.03822857098695732,12.96557159338276
chemsys,42,1,spg_number,1,1.5290758017045438,0.05016038454303484,12.96557159338276
chemsys,42,1,n_elements,1,0.09446275579276957,0.006634779310447041,12.96557159338276
chemsys,42,2,magpie:Number,6,1.4763212637285155,0.055500313588058875,13.879074778364934
chemsys,42,2,magpie:MendeleevNumber,6,1.2397959400916512,0.06713385140531133,13.879074778364934
chemsys,42,2,magpie:AtomicWeight,6,0.6039716712152448,0.03101407934146785,13.879074778364934
chemsys,42,2,magpie:MeltingT,6,5.340159517686507,0.13756340435025588,13.879074778364934
chemsys,42,2,magpie:Column,6,1.431497462635002,0.05108422854071182,13.879074778364934
chemsys,42,2,magpie:Row,6,0.41232231560859633,0.019864118531202492,13.879074778364934
chemsys,42,2,magpie:CovalentRadius,6,1.4585007613315697,0.0502903815893371,13.879074778364934
chemsys,42,2,magpie:Electronegativity,6,0.8872378138633472,0.047111433817370325,13.879074778364934
chemsys,42,2,magpie:NsValence,6,0.1222587009395287,0.009662112750647333,13.879074778364934
chemsys,42,2,magpie:NpValence,6,1.1610217617102325,0.04827891394075916,13.879074778364934
chemsys,42,2,magpie:NdValence,6,0.454349627969642,0.01505899489796405,13.879074778364934
chemsys,42,2,magpie:NfValence,6,0.051286795560426056,0.004757593744738467,13.879074778364934
chemsys,42,2,magpie:NValence,6,0.31945815386362353,0.04031113583324103,13.879074778364934
chemsys,42,2,magpie:NsUnfilled,6,0.10295919016200408,0.017706911978917217,13.879074778364934
chemsys,42,2,magpie:NpUnfilled,6,1.3512078407605006,0.045593752735878415,13.879074778364934
chemsys,42,2,magpie:NdUnfilled,6,4.093124232029041,0.11991331854527514,13.879074778364934
chemsys,42,2,magpie:NfUnfilled,6,0.0,0.0,13.879074778364934
chemsys,42,2,magpie:NUnfilled,6,4.294501986284226,0.09511257423197893,13.879074778364934
chemsys,42,2,magpie:GSvolume_pa,6,1.0784014535880868,0.059730275450017446,13.879074778364934
chemsys,42,2,magpie:GSbandgap,6,0.6856005639013052,0.030908558443469288,13.879074778364934
chemsys,42,2,magpie:GSmagmom,6,0.1273137836323759,0.004967916821204115,13.879074778364934
chemsys,42,2,magpie:SpaceGroupNumber,6,0.5698988855783724,0.03041449978855177,13.879074778364934
chemsys,42,2,a,1,3.597942391643863,0.11666742167197836,13.879074778364934
chemsys,42,2,b,1,2.0692122697757847,0.05104329279392021,13.879074778364934
chemsys,42,2,gamma,1,0.6952113262436018,0.029317727848852587,13.879074778364934
chemsys,42,2,area_per_atom,1,18.267645569878276,0.32776256844556506,13.879074778364934
chemsys,42,2,nat,1,1.6771326690735158,0.05098572184668484,13.879074778364934
chemsys,42,2,z_extent,1,1.968908091582351,0.04906477767957867,13.879074778364934
chemsys,42,2,spg_number,1,1.9390351810637594,0.05556964453072986,13.879074778364934
chemsys,42,2,n_elements,1,0.02753968132319571,0.007930068244783319,13.879074778364934
chemsys,42,3,magpie:Number,6,1.8471481195868118,0.05691500755875181,14.405201387899739
chemsys,42,3,magpie:MendeleevNumber,6,1.0385899924469129,0.061584731923322075,14.405201387899739
chemsys,42,3,magpie:AtomicWeight,6,0.4444987619921985,0.030158798521045624,14.405201387899739
chemsys,42,3,magpie:MeltingT,6,4.497409426310614,0.11281708227163117,14.405201387899739
chemsys,42,3,magpie:Column,6,1.8005881652690146,0.054323686393346074,14.405201387899739
chemsys,42,3,magpie:Row,6,0.40935084460643056,0.018284243201262658,14.405201387899739
chemsys,42,3,magpie:CovalentRadius,6,1.4031187925705209,0.057752687671142756,14.405201387899739
chemsys,42,3,magpie:Electronegativity,6,0.9108577581716488,0.049015860948164805,14.405201387899739
chemsys,42,3,magpie:NsValence,6,0.0978989107672664,0.0106861062603452,14.405201387899739
chemsys,42,3,magpie:NpValence,6,0.8993353926946603,0.0353264473740624,14.405201387899739
chemsys,42,3,magpie:NdValence,6,0.2869342464088856,0.01372339167900222,14.405201387899739
chemsys,42,3,magpie:NfValence,6,0.040538090458439056,0.00651934864817429,14.405201387899739
chemsys,42,3,magpie:NValence,6,0.5617832938392642,0.035145816799398835,14.405201387899739
chemsys,42,3,magpie:NsUnfilled,6,0.09097859360485323,0.008815772698067487,14.405201387899739
chemsys,42,3,magpie:NpUnfilled,6,1.1680760354644981,0.054659481465592324,14.405201387899739
chemsys,42,3,magpie:NdUnfilled,6,4.537791588193862,0.1259328254415781,14.405201387899739
chemsys,42,3,magpie:NfUnfilled,6,0.0,0.0,14.405201387899739
chemsys,42,3,magpie:NUnfilled,6,4.16017471911758,0.12639510064435341,14.405201387899739
chemsys,42,3,magpie:GSvolume_pa,6,0.7409438053497691,0.05407083030865433,14.405201387899739
chemsys,42,3,magpie:GSbandgap,6,0.8147189521088312,0.03581843924482408,14.405201387899739
chemsys,42,3,magpie:GSmagmom,6,-0.007897578966397844,0.00916585078806808,14.405201387899739
chemsys,42,3,magpie:SpaceGroupNumber,6,0.4816522078851399,0.02749682077881525,14.405201387899739
chemsys,42,3,a,1,4.228817125380625,0.12320772618207475,14.405201387899739
chemsys,42,3,b,1,1.5257609134832095,0.04106421043100849,14.405201387899739
chemsys,42,3,gamma,1,0.6713750604819448,0.020631997051446173,14.405201387899739
chemsys,42,3,area_per_atom,1,17.921468058647,0.32058107889955606,14.405201387899739
chemsys,42,3,nat,1,1.3697658492901446,0.04981121292308594,14.405201387899739
chemsys,42,3,z_extent,1,1.724138385827335,0.04132991695220005,14.405201387899739
chemsys,42,3,spg_number,1,2.0610215202526807,0.056055588968344096,14.405201387899739
chemsys,42,3,n_elements,1,0.06384657941408349,0.008423351135141982,14.405201387899739
chemsys,42,4,magpie:Number,6,0.9760067525986816,0.04023816967225333,14.035322650972681
chemsys,42,4,magpie:MendeleevNumber,6,1.1992256321776538,0.05742515138814764,14.035322650972681
chemsys,42,4,magpie:AtomicWeight,6,0.3851359701286917,0.027228648937284206,14.035322650972681
chemsys,42,4,magpie:MeltingT,6,3.7823828612807766,0.12627498390159678,14.035322650972681
chemsys,42,4,magpie:Column,6,1.3561512940918707,0.049493346628625624,14.035322650972681
chemsys,42,4,magpie:Row,6,0.25693975685645754,0.014036878517515288,14.035322650972681
chemsys,42,4,magpie:CovalentRadius,6,1.7931559860351811,0.05714001410219415,14.035322650972681
chemsys,42,4,magpie:Electronegativity,6,0.6132237665279782,0.05321397149006458,14.035322650972681
chemsys,42,4,magpie:NsValence,6,0.11430700143588339,0.011907470605878328,14.035322650972681
chemsys,42,4,magpie:NpValence,6,0.8470586064266528,0.033357359960728174,14.035322650972681
chemsys,42,4,magpie:NdValence,6,0.5339132620127323,0.019961782147922588,14.035322650972681
chemsys,42,4,magpie:NfValence,6,0.07702300618846998,0.009691393558982993,14.035322650972681
chemsys,42,4,magpie:NValence,6,0.4987586349486971,0.029466370086841408,14.035322650972681
chemsys,42,4,magpie:NsUnfilled,6,0.16415760277006405,0.014725238795598764,14.035322650972681
chemsys,42,4,magpie:NpUnfilled,6,1.6376171062661462,0.04904531890589678,14.035322650972681
chemsys,42,4,magpie:NdUnfilled,6,3.733663991553409,0.12089560488112952,14.035322650972681
chemsys,42,4,magpie:NfUnfilled,6,0.0,0.0,14.035322650972681
chemsys,42,4,magpie:NUnfilled,6,3.5790608434724014,0.10428426686551785,14.035322650972681
chemsys,42,4,magpie:GSvolume_pa,6,0.7539888110835828,0.053658682629660635,14.035322650972681
chemsys,42,4,magpie:GSbandgap,6,0.7092696627043171,0.02748826737214189,14.035322650972681
chemsys,42,4,magpie:GSmagmom,6,0.17094070939102543,0.008724365613224084,14.035322650972681
chemsys,42,4,magpie:SpaceGroupNumber,6,0.5560093714081347,0.02874987381872003,14.035322650972681
chemsys,42,4,a,1,3.635221491007372,0.114447879191033,14.035322650972681
chemsys,42,4,b,1,1.8394284917226806,0.04425081994112707,14.035322650972681
chemsys,42,4,gamma,1,0.819980065098288,0.03004823671610939,14.035322650972681
chemsys,42,4,area_per_atom,1,17.551970153722237,0.323706819672082,14.035322650972681
chemsys,42,4,nat,1,1.4823644560050409,0.04124693551500666,14.035322650972681
chemsys,42,4,z_extent,1,1.4306055381184897,0.03645923770552999,14.035322650972681
chemsys,42,4,spg_number,1,1.8593886690971266,0.05032387709872094,14.035322650972681
chemsys,42,4,n_elements,1,0.13184882952615523,0.012651806206513797,14.035322650972681
chemsys,43,0,magpie:Number,6,0.7082659948816594,0.0345159077910315,14.19873568067884
chemsys,43,0,magpie:MendeleevNumber,6,1.1652860435718346,0.056028294126115104,14.19873568067884
chemsys,43,0,magpie:AtomicWeight,6,0.5349970187022031,0.02834194221768291,14.19873568067884
chemsys,43,0,magpie:MeltingT,6,3.787824490275858,0.10204216356482106,14.19873568067884
chemsys,43,0,magpie:Column,6,1.0736690413211165,0.050149219300220205,14.19873568067884
chemsys,43,0,magpie:Row,6,0.22317643689817573,0.012819730711675328,14.19873568067884
chemsys,43,0,magpie:CovalentRadius,6,2.425094679743828,0.06708206577935556,14.19873568067884
chemsys,43,0,magpie:Electronegativity,6,0.9050709103881729,0.058700525902603926,14.19873568067884
chemsys,43,0,magpie:NsValence,6,0.19540208124721764,0.012324896720219414,14.19873568067884
chemsys,43,0,magpie:NpValence,6,1.620089898628002,0.04945782576889336,14.19873568067884
chemsys,43,0,magpie:NdValence,6,0.33724074543570526,0.01582576394599873,14.19873568067884
chemsys,43,0,magpie:NfValence,6,0.06998950527646172,0.005066165760188675,14.19873568067884
chemsys,43,0,magpie:NValence,6,0.5116516364466847,0.04143424607278325,14.19873568067884
chemsys,43,0,magpie:NsUnfilled,6,0.23884821299579534,0.014426840895114194,14.19873568067884
chemsys,43,0,magpie:NpUnfilled,6,1.3328552285131068,0.042433174594147915,14.19873568067884
chemsys,43,0,magpie:NdUnfilled,6,5.184538753551444,0.14299340759509768,14.19873568067884
chemsys,43,0,magpie:NfUnfilled,6,0.0,0.0,14.19873568067884
chemsys,43,0,magpie:NUnfilled,6,3.817919214878633,0.09886301399689837,14.19873568067884
chemsys,43,0,magpie:GSvolume_pa,6,0.8225384519571272,0.05736262545418354,14.19873568067884
chemsys,43,0,magpie:GSbandgap,6,0.8559672709443678,0.028775314245630068,14.19873568067884
chemsys,43,0,magpie:GSmagmom,6,0.16756808761949102,0.008056427985957682,14.19873568067884
chemsys,43,0,magpie:SpaceGroupNumber,6,0.706246077094514,0.030250338925690224,14.19873568067884
chemsys,43,0,a,1,4.1801334587345425,0.12197316692121918,14.19873568067884
chemsys,43,0,b,1,1.8901410522139233,0.05505590133293759,14.19873568067884
chemsys,43,0,gamma,1,0.42305157490345663,0.021596902156170744,14.19873568067884
chemsys,43,0,area_per_atom,1,16.34871186381411,0.30286350796131006,14.19873568067884
chemsys,43,0,nat,1,1.7111013200637195,0.0562757252439236,14.19873568067884
chemsys,43,0,z_extent,1,1.6570939547735208,0.043923092176588935,14.19873568067884
chemsys,43,0,spg_number,1,1.543997113805179,0.054773271662119184,14.19873568067884
chemsys,43,0,n_elements,1,0.10934125014350009,0.00890648123134581,14.19873568067884
chemsys,43,1,magpie:Number,6,1.0280040451230268,0.049877831727623174,13.415075066095376
chemsys,43,1,magpie:MendeleevNumber,6,1.1779012224203491,0.05755720761556014,13.415075066095376
chemsys,43,1,magpie:AtomicWeight,6,0.3233190478277287,0.03130933204946151,13.415075066095376
chemsys,43,1,magpie:MeltingT,6,4.320692601046411,0.12241042403485004,13.415075066095376
chemsys,43,1,magpie:Column,6,1.4199102407692117,0.0482418437032816,13.415075066095376
chemsys,43,1,magpie:Row,6,0.1579421534671024,0.01715229726278331,13.415075066095376
chemsys,43,1,magpie:CovalentRadius,6,1.8233554253663098,0.06463147237969405,13.415075066095376
chemsys,43,1,magpie:Electronegativity,6,0.9701830306365984,0.05537015386324608,13.415075066095376
chemsys,43,1,magpie:NsValence,6,0.1459771156102768,0.011619201841056673,13.415075066095376
chemsys,43,1,magpie:NpValence,6,1.349535937612599,0.04963860447036029,13.415075066095376
chemsys,43,1,magpie:NdValence,6,0.3738413548836455,0.01989961058785686,13.415075066095376
chemsys,43,1,magpie:NfValence,6,0.04220727200823724,0.005136338815137158,13.415075066095376
chemsys,43,1,magpie:NValence,6,0.47382092252655816,0.03855698695311468,13.415075066095376
chemsys,43,1,magpie:NsUnfilled,6,0.12878629820889706,0.013277402633151797,13.415075066095376
chemsys,43,1,magpie:NpUnfilled,6,1.4440266779610347,0.0504729470335458,13.415075066095376
chemsys,43,1,magpie:NdUnfilled,6,4.045871443673251,0.13179517784555417,13.415075066095376
chemsys,43,1,magpie:NfUnfilled,6,0.0,0.0,13.415075066095376
chemsys,43,1,magpie:NUnfilled,6,2.8462861788538936,0.09926969575195804,13.415075066095376
chemsys,43,1,magpie:GSvolume_pa,6,0.8092076130459216,0.05330955706517387,13.415075066095376
chemsys,43,1,magpie:GSbandgap,6,0.49423209483784447,0.028195743075141694,13.415075066095376
chemsys,43,1,magpie:GSmagmom,6,0.09681645569547612,0.009275355586863189,13.415075066095376
chemsys,43,1,magpie:SpaceGroupNumber,6,0.5381011155715466,0.027198209406378078,13.415075066095376
chemsys,43,1,a,1,3.964829713294745,0.12314438621447553,13.415075066095376
chemsys,43,1,b,1,1.6938321917890924,0.04870340017801213,13.415075066095376
chemsys,43,1,gamma,1,0.7808727753948179,0.024970319901405247,13.415075066095376
chemsys,43,1,area_per_atom,1,16.70887437262821,0.3098368385958581,13.415075066095376
chemsys,43,1,nat,1,2.1844313147461696,0.06689369169531342,13.415075066095376
chemsys,43,1,z_extent,1,1.5920427009318487,0.04242853247553299,13.415075066095376
chemsys,43,1,spg_number,1,1.890784256088058,0.05342638359435735,13.415075066095376
chemsys,43,1,n_elements,1,0.04172393367820106,0.0037310733001077643,13.415075066095376
chemsys,43,2,magpie:Number,6,1.3986842615023831,0.04943673445810301,13.870781157107087
chemsys,43,2,magpie:MendeleevNumber,6,1.0462431267517764,0.055474478955997775,13.870781157107087
chemsys,43,2,magpie:AtomicWeight,6,0.5851890316796314,0.028073348914619992,13.870781157107087
chemsys,43,2,magpie:MeltingT,6,3.927344240454535,0.12034997519262576,13.870781157107087
chemsys,43,2,magpie:Column,6,1.1129678155579494,0.04851790164738016,13.870781157107087
chemsys,43,2,magpie:Row,6,0.19799408369559934,0.013412212851946105,13.870781157107087
chemsys,43,2,magpie:CovalentRadius,6,1.8082186943599337,0.05541004910269305,13.870781157107087
chemsys,43,2,magpie:Electronegativity,6,0.9653410339006626,0.05090422370886412,13.870781157107087
chemsys,43,2,magpie:NsValence,6,0.09360221507875366,0.010899644665611812,13.870781157107087
chemsys,43,2,magpie:NpValence,6,1.5239566840149164,0.0496029900694233,13.870781157107087
chemsys,43,2,magpie:NdValence,6,0.25854598687732777,0.014946647724037886,13.870781157107087
chemsys,43,2,magpie:NfValence,6,0.07000121892361691,0.004957406566417295,13.870781157107087
chemsys,43,2,magpie:NValence,6,0.5041322070648342,0.04317517339881497,13.870781157107087
chemsys,43,2,magpie:NsUnfilled,6,0.16277947303299492,0.02068180691067155,13.870781157107087
chemsys,43,2,magpie:NpUnfilled,6,1.0533744172037582,0.03864127641231019,13.870781157107087
chemsys,43,2,magpie:NdUnfilled,6,4.234606001987556,0.13047948321646038,13.870781157107087
chemsys,43,2,magpie:NfUnfilled,6,0.0,0.0,13.870781157107087
chemsys,43,2,magpie:NUnfilled,6,3.835949403847755,0.10519402562724277,13.870781157107087
chemsys,43,2,magpie:GSvolume_pa,6,0.7222215578154657,0.05479762858849921,13.870781157107087
chemsys,43,2,magpie:GSbandgap,6,0.8615408325757372,0.032732010951637025,13.870781157107087
chemsys,43,2,magpie:GSmagmom,6,0.12055608602826524,0.009616944165001532,13.870781157107087
chemsys,43,2,magpie:SpaceGroupNumber,6,0.8607692092631016,0.03478206261044576,13.870781157107087
chemsys,43,2,a,1,4.49164054346492,0.13196941872997756,13.870781157107087
chemsys,43,2,b,1,1.9460168318789368,0.04461421061856343,13.870781157107087
chemsys,43,2,gamma,1,0.5285974165643637,0.023543709310432193,13.870781157107087
chemsys,43,2,area_per_atom,1,17.063921617441753,0.300991701414051,13.870781157107087
chemsys,43,2,nat,1,1.7660939552898458,0.05235502043693203,13.870781157107087
chemsys,43,2,z_extent,1,1.4725022373291594,0.0393744424940159,13.870781157107087
chemsys,43,2,spg_number,1,1.899502523494117,0.046835059983436574,13.870781157107087
chemsys,43,2,n_elements,1,0.017493990148750173,0.004777573228083536,13.870781157107087
chemsys,43,3,magpie:Number,6,0.9162761266154167,0.04629007168867533,13.688116659831799
chemsys,43,3,magpie:MendeleevNumber,6,1.3680122974908937,0.05942760720956785,13.688116659831799
chemsys,43,3,magpie:AtomicWeight,6,0.42166458960603775,0.02970887057069142,13.688116659831799
chemsys,43,3,magpie:MeltingT,6,4.194356011605668,0.11186049684192462,13.688116659831799
chemsys,43,3,magpie:Column,6,1.0509538608279414,0.048943997076707185,13.688116659831799
chemsys,43,3,magpie:Row,6,0.1741990033673062,0.013798217912616739,13.688116659831799
chemsys,43,3,magpie:CovalentRadius,6,1.9840748789020886,0.05997266142303551,13.688116659831799
chemsys,43,3,magpie:Electronegativity,6,1.1698419786070002,0.05177158978304008,13.688116659831799
chemsys,43,3,magpie:NsValence,6,0.13681827025944066,0.011856563585594004,13.688116659831799
chemsys,43,3,magpie:NpValence,6,1.2670263425005523,0.04392097509571522,13.688116659831799
chemsys,43,3,magpie:NdValence,6,0.5082122222583252,0.018758453933281745,13.688116659831799
chemsys,43,3,magpie:NfValence,6,0.1356151096832452,0.006163323846171064,13.688116659831799
chemsys,43,3,magpie:NValence,6,0.5784732873670763,0.042076483650353255,13.688116659831799
chemsys,43,3,magpie:NsUnfilled,6,0.20623291906602326,0.022061609538598124,13.688116659831799
chemsys,43,3,magpie:NpUnfilled,6,1.064628576252069,0.0437622872918653,13.688116659831799
chemsys,43,3,magpie:NdUnfilled,6,4.622619466569068,0.1366445388930275,13.688116659831799
chemsys,43,3,magpie:NfUnfilled,6,0.0,0.0,13.688116659831799
chemsys,43,3,magpie:NUnfilled,6,3.66336839293396,0.11494074412117324,13.688116659831799
chemsys,43,3,magpie:GSvolume_pa,6,0.9330038010655496,0.05244579183184526,13.688116659831799
chemsys,43,3,magpie:GSbandgap,6,0.7553961837201992,0.03347732499117977,13.688116659831799
chemsys,43,3,magpie:GSmagmom,6,0.09549969924880201,0.0075485528820481,13.688116659831799
chemsys,43,3,magpie:SpaceGroupNumber,6,0.5471672181166269,0.026809479566327035,13.688116659831799
chemsys,43,3,a,1,5.769155980520318,0.1332435812819107,13.688116659831799
chemsys,43,3,b,1,2.1664673600745656,0.05693179358904718,13.688116659831799
chemsys,43,3,gamma,1,0.6867332060451268,0.018552022960035025,13.688116659831799
chemsys,43,3,area_per_atom,1,16.754080670856425,0.298844807957913,13.688116659831799
chemsys,43,3,nat,1,1.8011714767679199,0.06251224727735016,13.688116659831799
chemsys,43,3,z_extent,1,1.511346935014893,0.03785637086757653,13.688116659831799
chemsys,43,3,spg_number,1,1.5482573618611426,0.05063666901162664,13.688116659831799
chemsys,43,3,n_elements,1,0.08284012513717265,0.007751239952397088,13.688116659831799
chemsys,43,4,magpie:Number,6,1.537976451824763,0.055970327066673084,13.741171354716315
chemsys,43,4,magpie:MendeleevNumber,6,1.4683953262856608,0.06427957847354883,13.741171354716315
chemsys,43,4,magpie:AtomicWeight,6,0.5587090061139481,0.03198454006910442,13.741171354716315
chemsys,43,4,magpie:MeltingT,6,3.9924666853934765,0.10857763273479837,13.741171354716315
chemsys,43,4,magpie:Column,6,1.3454384020762453,0.04386407643841051,13.741171354716315
chemsys,43,4,magpie:Row,6,0.2516896844803945,0.021243275569709633,13.741171354716315
chemsys,43,4,magpie:CovalentRadius,6,1.3060690875584133,0.053936680925850085,13.741171354716315
chemsys,43,4,magpie:Electronegativity,6,0.9309296343675733,0.053281597953749524,13.741171354716315
chemsys,43,4,magpie:NsValence,6,0.16413385929536695,0.012088416114565749,13.741171354716315
chemsys,43,4,magpie:NpValence,6,1.1614278235975093,0.04094502001620696,13.741171354716315
chemsys,43,4,magpie:NdValence,6,0.2341275231015693,0.014068947273248474,13.741171354716315
chemsys,43,4,magpie:NfValence,6,0.07577370289116878,0.0034788069743558175,13.741171354716315
chemsys,43,4,magpie:NValence,6,0.38651654333947755,0.04190580099532112,13.741171354716315
chemsys,43,4,magpie:NsUnfilled,6,0.13108061221628448,0.01952367036898751,13.741171354716315
chemsys,43,4,magpie:NpUnfilled,6,1.4065072028445311,0.0510329332309402,13.741171354716315
chemsys,43,4,magpie:NdUnfilled,6,4.839803710784104,0.14764220111511103,13.741171354716315
chemsys,43,4,magpie:NfUnfilled,6,0.0,0.0,13.741171354716315
chemsys,43,4,magpie:NUnfilled,6,4.341230303928215,0.10762097962200584,13.741171354716315
chemsys,43,4,magpie:GSvolume_pa,6,0.9996901246835233,0.05251328620453067,13.741171354716315
chemsys,43,4,magpie:GSbandgap,6,0.5875165017503982,0.0275707709209513,13.741171354716315
chemsys,43,4,magpie:GSmagmom,6,0.20808295914325753,0.01172451456351254,13.741171354716315
chemsys,43,4,magpie:SpaceGroupNumber,6,0.47392275206310475,0.03356137076383711,13.741171354716315
chemsys,43,4,a,1,3.8560926917513507,0.1219612383202686,13.741171354716315
chemsys,43,4,b,1,2.735557804233495,0.057697117805972795,13.741171354716315
chemsys,43,4,gamma,1,0.7279623405528557,0.021965971575098508,13.741171354716315
chemsys,43,4,area_per_atom,1,16.74504920844891,0.3051128058344302,13.741171354716315
chemsys,43,4,nat,1,1.9265544784558082,0.05613540656135462,13.741171354716315
chemsys,43,4,z_extent,1,1.6885577748684024,0.03491735926983542,13.741171354716315
chemsys,43,4,spg_number,1,1.8629638784069669,0.0535709109371947,13.741171354716315
chemsys,43,4,n_elements,1,-0.017067067080169453,0.004413117136396843,13.741171354716315
chemsys,44,0,magpie:Number,6,1.0185994854696792,0.04113015036004622,13.864865764099624
chemsys,44,0,magpie:MendeleevNumber,6,1.4747966286874914,0.056837903483481035,13.864865764099624
chemsys,44,0,magpie:AtomicWeight,6,0.9284492509800767,0.040428878254307105,13.864865764099624
chemsys,44,0,magpie:MeltingT,6,3.6152300196967415,0.11731142376380531,13.864865764099624
chemsys,44,0,magpie:Column,6,1.806661649555298,0.05893104165295334,13.864865764099624
chemsys,44,0,magpie:Row,6,0.31115257597000723,0.02112030594039598,13.864865764099624
chemsys,44,0,magpie:CovalentRadius,6,0.9512382161009253,0.041625302756903335,13.864865764099624
chemsys,44,0,magpie:Electronegativity,6,0.9685943129153799,0.05357171533523485,13.864865764099624
chemsys,44,0,magpie:NsValence,6,0.1564211062993593,0.01575709290781188,13.864865764099624
chemsys,44,0,magpie:NpValence,6,1.473868043449923,0.044231239432275804,13.864865764099624
chemsys,44,0,magpie:NdValence,6,0.31108422853825884,0.018646717555195667,13.864865764099624
chemsys,44,0,magpie:NfValence,6,0.03061318187260511,0.005008655647533864,13.864865764099624
chemsys,44,0,magpie:NValence,6,0.4087928797017817,0.032722077493635954,13.864865764099624
chemsys,44,0,magpie:NsUnfilled,6,0.19080434022085163,0.0174114226314846,13.864865764099624
chemsys,44,0,magpie:NpUnfilled,6,1.1321900127132551,0.04056782203494807,13.864865764099624
chemsys,44,0,magpie:NdUnfilled,6,4.280508150402068,0.12664612691935878,13.864865764099624
chemsys,44,0,magpie:NfUnfilled,6,0.0,0.0,13.864865764099624
chemsys,44,0,magpie:NUnfilled,6,4.249055878317426,0.12183332727146602,13.864865764099624
chemsys,44,0,magpie:GSvolume_pa,6,0.777430130173909,0.04747821308179158,13.864865764099624
chemsys,44,0,magpie:GSbandgap,6,0.5394320112657975,0.025686402534367513,13.864865764099624
chemsys,44,0,magpie:GSmagmom,6,0.142040772361268,0.008885120158810397,13.864865764099624
chemsys,44,0,magpie:SpaceGroupNumber,6,0.4550572924312686,0.031974528482100986,13.864865764099624
chemsys,44,0,a,1,3.960905423414991,0.12407176074283478,13.864865764099624
chemsys,44,0,b,1,2.1177742633026595,0.04163024696778568,13.864865764099624
chemsys,44,0,gamma,1,0.7864393259922565,0.029491987960970554,13.864865764099624
chemsys,44,0,area_per_atom,1,18.002675037863792,0.3379839588240056,13.864865764099624
chemsys,44,0,nat,1,1.1524927765533246,0.03930349226272004,13.864865764099624
chemsys,44,0,z_extent,1,1.9891361403580787,0.04322137181924362,13.864865764099624
chemsys,44,0,spg_number,1,2.0715723545697546,0.05351415384889863,13.864865764099624
chemsys,44,0,n_elements,1,0.04164203015474079,0.006691071406076198,13.864865764099624
chemsys,44,1,magpie:Number,6,0.8702741390932562,0.036817504680603304,13.585715790182991
chemsys,44,1,magpie:MendeleevNumber,6,1.085088335377926,0.04484237476245271,13.585715790182991
chemsys,44,1,magpie:AtomicWeight,6,1.4370922422677235,0.04306480203303527,13.585715790182991
chemsys,44,1,magpie:MeltingT,6,4.287143093381285,0.11942430833714292,13.585715790182991
chemsys,44,1,magpie:Column,6,1.2926588476150016,0.0489185369534985,13.585715790182991
chemsys,44,1,magpie:Row,6,0.4465912420792243,0.0163308212930902,13.585715790182991
chemsys,44,1,magpie:CovalentRadius,6,1.4774296291096705,0.042431681704809404,13.585715790182991
chemsys,44,1,magpie:Electronegativity,6,1.1589424514195361,0.050405666190635495,13.585715790182991
chemsys,44,1,magpie:NsValence,6,0.07530739146859596,0.011279667207617463,13.585715790182991
chemsys,44,1,magpie:NpValence,6,1.2546803280883434,0.03905742104466226,13.585715790182991
chemsys,44,1,magpie:NdValence,6,0.4976002114695266,0.017204640845798366,13.585715790182991
chemsys,44,1,magpie:NfValence,6,0.04918964281881166,0.006304966373114564,13.585715790182991
chemsys,44,1,magpie:NValence,6,0.6300922928419468,0.03779522740143263,13.585715790182991
chemsys,44,1,magpie:NsUnfilled,6,0.06656645616737115,0.009870665523591591,13.585715790182991
chemsys,44,1,magpie:NpUnfilled,6,1.5412226155935265,0.0456451433195781,13.585715790182991
chemsys,44,1,magpie:NdUnfilled,6,4.294575023308916,0.11871626495689225,13.585715790182991
chemsys,44,1,magpie:NfUnfilled,6,0.0,0.0,13.585715790182991
chemsys,44,1,magpie:NUnfilled,6,5.739158424605849,0.12638316097324767,13.585715790182991
chemsys,44,1,magpie:GSvolume_pa,6,0.8471597288098142,0.05109156715080838,13.585715790182991
chemsys,44,1,magpie:GSbandgap,6,0.8151685585731372,0.028803562598591563,13.585715790182991
chemsys,44,1,magpie:GSmagmom,6,0.15882041570260802,0.005880569938725247,13.585715790182991
chemsys,44,1,magpie:SpaceGroupNumber,6,0.7227422962928145,0.03069843240125583,13.585715790182991
chemsys,44,1,a,1,4.303150844709459,0.11601397076449609,13.585715790182991
chemsys,44,1,b,1,1.4860418302208014,0.03991362959460675,13.585715790182991
chemsys,44,1,gamma,1,0.8472503460688099,0.028228484899248205,13.585715790182991
chemsys,44,1,area_per_atom,1,19.197445860056792,0.32677454184668686,13.585715790182991
chemsys,44,1,nat,1,1.0030766088441936,0.035808586245529135,13.585715790182991
chemsys,44,1,z_extent,1,1.7960438022275997,0.04260349900193906,13.585715790182991
chemsys,44,1,spg_number,1,1.8941279493505607,0.05392439916590009,13.585715790182991
chemsys,44,1,n_elements,1,0.016800285200628907,0.006228407900550926,13.585715790182991
chemsys,44,2,magpie:Number,6,0.8084711806481127,0.039252987826551206,15.002729430240725
chemsys,44,2,magpie:MendeleevNumber,6,1.3799118345980699,0.0667800430549658,15.002729430240725
chemsys,44,2,magpie:AtomicWeight,6,0.5185619596024026,0.026710190124052274,15.002729430240725
chemsys,44,2,magpie:MeltingT,6,3.8856191988704425,0.10837297273783139,15.002729430240725
chemsys,44,2,magpie:Column,6,1.557252846604929,0.05210370874702099,15.002729430240725
chemsys,44,2,magpie:Row,6,0.21240494306316862,0.015462335721761674,15.002729430240725
chemsys,44,2,magpie:CovalentRadius,6,1.635018338034276,0.05995416470163873,15.002729430240725
chemsys,44,2,magpie:Electronegativity,6,0.7032289160562939,0.054706449597372364,15.002729430240725
chemsys,44,2,magpie:NsValence,6,0.10653733955674624,0.013489075162495884,15.002729430240725
chemsys,44,2,magpie:NpValence,6,1.0615778641533467,0.04015338480078498,15.002729430240725
chemsys,44,2,magpie:NdValence,6,0.2966603382452281,0.016690813688232883,15.002729430240725
chemsys,44,2,magpie:NfValence,6,0.036652646189368455,0.005606546350887922,15.002729430240725
chemsys,44,2,magpie:NValence,6,0.5701408522153308,0.03991145116841277,15.002729430240725
chemsys,44,2,magpie:NsUnfilled,6,0.12286839012843309,0.015060737763496508,15.002729430240725
chemsys,44,2,magpie:NpUnfilled,6,1.1000446824572099,0.04289748495686153,15.002729430240725
chemsys,44,2,magpie:NdUnfilled,6,4.7136845341850035,0.13814019042812964,15.002729430240725
chemsys,44,2,magpie:NfUnfilled,6,0.0,0.0,15.002729430240725
chemsys,44,2,magpie:NUnfilled,6,3.289466548818498,0.09078582297624378,15.002729430240725
chemsys,44,2,magpie:GSvolume_pa,6,0.8283506023274999,0.054992032454751295,15.002729430240725
chemsys,44,2,magpie:GSbandgap,6,0.5328844744526844,0.02570654523905368,15.002729430240725
chemsys,44,2,magpie:GSmagmom,6,0.2221214844118677,0.012180472657843151,15.002729430240725
chemsys,44,2,magpie:SpaceGroupNumber,6,0.3799226165755183,0.02770729790843133,15.002729430240725
chemsys,44,2,a,1,4.471192978935102,0.12532312661836545,15.002729430240725
chemsys,44,2,b,1,1.8094584487526018,0.04850776393117946,15.002729430240725
chemsys,44,2,gamma,1,0.7361297754221781,0.02927462026778015,15.002729430240725
chemsys,44,2,area_per_atom,1,17.87127204089566,0.34757416994940615,15.002729430240725
chemsys,44,2,nat,1,1.252392748527173,0.0449853381518796,15.002729430240725
chemsys,44,2,z_extent,1,1.673925838141044,0.04160043853222638,15.002729430240725
chemsys,44,2,spg_number,1,1.6537305113354837,0.05080555825313961,15.002729430240725
chemsys,44,2,n_elements,1,0.07552427719033084,0.005349365808805859,15.002729430240725
chemsys,44,3,magpie:Number,6,0.6449373879664225,0.03923349698373949,13.367357986634183
chemsys,44,3,magpie:MendeleevNumber,6,1.183056909683137,0.053062772906441416,13.367357986634183
chemsys,44,3,magpie:AtomicWeight,6,1.02516592883986,0.03584662067885439,13.367357986634183
chemsys,44,3,magpie:MeltingT,6,4.187166485019731,0.12969615013319163,13.367357986634183
chemsys,44,3,magpie:Column,6,1.0217847009053056,0.041819430944831384,13.367357986634183
chemsys,44,3,magpie:Row,6,0.23812744244931777,0.0130081886841399,13.367357986634183
chemsys,44,3,magpie:CovalentRadius,6,1.4417703318740098,0.05609060250426204,13.367357986634183
chemsys,44,3,magpie:Electronegativity,6,0.8097617538407338,0.04923929611783456,13.367357986634183
chemsys,44,3,magpie:NsValence,6,0.18901463759049478,0.012604110879354256,13.367357986634183
chemsys,44,3,magpie:NpValence,6,0.9811112179569061,0.03630536429389174,13.367357986634183
chemsys,44,3,magpie:NdValence,6,0.334065814846311,0.016263771693408372,13.367357986634183
chemsys,44,3,magpie:NfValence,6,0.09383066325419591,0.006803336445768618,13.367357986634183
chemsys,44,3,magpie:NValence,6,0.4184898398409743,0.03343472999978926,13.367357986634183
chemsys,44,3,magpie:NsUnfilled,6,0.173759704334482,0.013198189067111368,13.367357986634183
chemsys,44,3,magpie:NpUnfilled,6,1.007843876907837,0.04488213885522795,13.367357986634183
chemsys,44,3,magpie:NdUnfilled,6,3.8796016281958225,0.11402538999370106,13.367357986634183
chemsys,44,3,magpie:NfUnfilled,6,0.0,0.0,13.367357986634183
chemsys,44,3,magpie:NUnfilled,6,5.1489852519184485,0.1363654939090124,13.367357986634183
chemsys,44,3,magpie:GSvolume_pa,6,0.670764557518385,0.04649271870142144,13.367357986634183
chemsys,44,3,magpie:GSbandgap,6,0.7500164998440997,0.03271737899662566,13.367357986634183
chemsys,44,3,magpie:GSmagmom,6,0.07491587926411966,0.006896582396761359,13.367357986634183
chemsys,44,3,magpie:SpaceGroupNumber,6,0.4660512424902379,0.031130993736286753,13.367357986634183
chemsys,44,3,a,1,3.4945456126738166,0.11171077941106718,13.367357986634183
chemsys,44,3,b,1,1.6281049143006812,0.04857455658166327,13.367357986634183
chemsys,44,3,gamma,1,0.5390829515112475,0.02508953982238017,13.367357986634183
chemsys,44,3,area_per_atom,1,18.830298142801418,0.34801561352958316,13.367357986634183
chemsys,44,3,nat,1,1.6252991819212945,0.05165693729146974,13.367357986634183
chemsys,44,3,z_extent,1,1.5762865161866593,0.04745716921348106,13.367357986634183
chemsys,44,3,spg_number,1,1.7107447208041733,0.052087726022311834,13.367357986634183
chemsys,44,3,n_elements,1,0.05816928343569252,0.0034916275915422516,13.367357986634183
chemsys,44,4,magpie:Number,6,1.0365805221173527,0.04646726230173646,13.679324985673766
chemsys,44,4,magpie:MendeleevNumber,6,1.3765606838861388,0.05946110673324553,13.679324985673766
chemsys,44,4,magpie:AtomicWeight,6,0.4123807429145895,0.03530424321076179,13.679324985673766
chemsys,44,4,magpie:MeltingT,6,3.710679821958859,0.11098710923718605,13.679324985673766
chemsys,44,4,magpie:Column,6,1.463337696280794,0.057732119186118716,13.679324985673766
chemsys,44,4,magpie:Row,6,0.15249924010052354,0.01136031153181779,13.679324985673766
chemsys,44,4,magpie:CovalentRadius,6,1.4370243096097866,0.04974206869781744,13.679324985673766
chemsys,44,4,magpie:Electronegativity,6,0.9807158997601437,0.052241413016442834,13.679324985673766
chemsys,44,4,magpie:NsValence,6,0.21854897163288847,0.014640903229989746,13.679324985673766
chemsys,44,4,magpie:NpValence,6,1.3378928444589415,0.04485816662517131,13.679324985673766
chemsys,44,4,magpie:NdValence,6,0.3209389100398816,0.015663444854050128,13.679324985673766
chemsys,44,4,magpie:NfValence,6,0.0314369762289207,0.0035058194803824485,13.679324985673766
chemsys,44,4,magpie:NValence,6,0.5588085239953771,0.03944408861402057,13.679324985673766
chemsys,44,4,magpie:NsUnfilled,6,0.10652674948458234,0.014142755096450858,13.679324985673766
chemsys,44,4,magpie:NpUnfilled,6,1.5047398031680708,0.045402752820531446,13.679324985673766
chemsys,44,4,magpie:NdUnfilled,6,3.728693010868588,0.1283391680145054,13.679324985673766
chemsys,44,4,magpie:NfUnfilled,6,0.0,0.0,13.679324985673766
chemsys,44,4,magpie:NUnfilled,6,3.7805211313473785,0.09599927897525071,13.679324985673766
chemsys,44,4,magpie:GSvolume_pa,6,0.9901617585427868,0.06071534549624062,13.679324985673766
chemsys,44,4,magpie:GSbandgap,6,0.7918278369845833,0.031670196079022155,13.679324985673766
chemsys,44,4,magpie:GSmagmom,6,0.18155329203118598,0.011275888831238945,13.679324985673766
chemsys,44,4,magpie:SpaceGroupNumber,6,0.38377107996948573,0.030924647197218644,13.679324985673766
chemsys,44,4,a,1,3.7199956896441733,0.1080439272400694,13.679324985673766
chemsys,44,4,b,1,1.828878472450349,0.04490622577511698,13.679324985673766
chemsys,44,4,gamma,1,0.6401212854069083,0.02281566081602043,13.679324985673766
chemsys,44,4,area_per_atom,1,17.842121776532007,0.323646536949087,13.679324985673766
chemsys,44,4,nat,1,1.4365771618393217,0.043991112872871135,13.679324985673766
chemsys,44,4,z_extent,1,1.8183307949394596,0.03813332217566093,13.679324985673766
chemsys,44,4,spg_number,1,2.012344285966529,0.05439639826635769,13.679324985673766
chemsys,44,4,n_elements,1,0.07323408448380206,0.005477250167272356,13.679324985673766
family,42,0,magpie:Number,6,0.6986362404636303,0.03981853167711916,24.409569588855902
family,42,0,magpie:MendeleevNumber,6,0.7459358962747388,0.07208510196271936,24.409569588855902
family,42,0,magpie:AtomicWeight,6,0.5034236672788296,0.03526156426313944,24.409569588855902
family,42,0,magpie:MeltingT,6,3.0693580570707724,0.13402277631727805,24.409569588855902
family,42,0,magpie:Column,6,1.333419944036607,0.04775517432424642,24.409569588855902
family,42,0,magpie:Row,6,0.4042589602379749,0.01683527077320306,24.409569588855902
family,42,0,magpie:CovalentRadius,6,0.5334462696389011,0.04226999918483696,24.409569588855902
family,42,0,magpie:Electronegativity,6,0.3436978612594402,0.05519896941166318,24.409569588855902
family,42,0,magpie:NsValence,6,0.19247594929051742,0.014852006167628837,24.409569588855902
family,42,0,magpie:NpValence,6,0.9563932128579105,0.04983007513837311,24.409569588855902
family,42,0,magpie:NdValence,6,0.22438311997848714,0.016585773764852534,24.409569588855902
family,42,0,magpie:NfValence,6,0.0024323804848648935,0.005168865085929458,24.409569588855902
family,42,0,magpie:NValence,6,0.234679503186792,0.028490174871246582,24.409569588855902
family,42,0,magpie:NsUnfilled,6,-0.021169992118995395,0.010417801142369763,24.409569588855902
family,42,0,magpie:NpUnfilled,6,0.851830566175338,0.04396761566440604,24.409569588855902
family,42,0,magpie:NdUnfilled,6,2.970309979537931,0.14004791414494816,24.409569588855902
family,42,0,magpie:NfUnfilled,6,0.0,0.0,24.409569588855902
family,42,0,magpie:NUnfilled,6,0.7640880529947645,0.094833903270761,24.409569588855902
family,42,0,magpie:GSvolume_pa,6,0.5298302174808427,0.053361547445937955,24.409569588855902
family,42,0,magpie:GSbandgap,6,0.026081837048249668,0.032369062125997945,24.409569588855902
family,42,0,magpie:GSmagmom,6,0.008130450345181117,0.008304271822795108,24.409569588855902
family,42,0,magpie:SpaceGroupNumber,6,0.10306081535208733,0.0314495820413868,24.409569588855902
family,42,0,a,1,1.5700134300127424,0.12046681227010642,24.409569588855902
family,42,0,b,1,-0.05268680595513331,0.028711793520234025,24.409569588855902
family,42,0,gamma,1,0.10476557979098686,0.014970195529900454,24.409569588855902
family,42,0,area_per_atom,1,9.488499517337036,0.2787565109183714,24.409569588855902
family,42,0,nat,1,0.07397879859885563,0.026509501605241573,24.409569588855902
family,42,0,z_extent,1,0.17108708664169256,0.04540742009125354,24.409569588855902
family,42,0,spg_number,1,1.0974228220024316,0.054775875351759436,24.409569588855902
family,42,0,n_elements,1,0.011153858910653725,0.004416883354704116,24.409569588855902
family,42,1,magpie:Number,6,0.6534748235712641,0.041658365318493894,20.374627475401393
family,42,1,magpie:MendeleevNumber,6,0.4233706319647723,0.06739549960314317,20.374627475401393
family,42,1,magpie:AtomicWeight,6,0.4360380591119203,0.030856035287548163,20.374627475401393
family,42,1,magpie:MeltingT,6,2.0603723491756143,0.10926582016194343,20.374627475401393
family,42,1,magpie:Column,6,0.9273137504185278,0.06417457568287135,20.374627475401393
family,42,1,magpie:Row,6,0.20888403040785733,0.020223859125016497,20.374627475401393
family,42,1,magpie:CovalentRadius,6,0.7447133451133923,0.05156273275703965,20.374627475401393
family,42,1,magpie:Electronegativity,6,0.5226724635493774,0.0582787932583547,20.374627475401393
family,42,1,magpie:NsValence,6,0.06257581204415459,0.009821934621341726,20.374627475401393
family,42,1,magpie:NpValence,6,0.75561366713236,0.04851507993188188,20.374627475401393
family,42,1,magpie:NdValence,6,0.12056857170167987,0.01580732797704147,20.374627475401393
family,42,1,magpie:NfValence,6,0.06674422467114027,0.006910747496305118,20.374627475401393
family,42,1,magpie:NValence,6,0.1118903633893666,0.03478850667274308,20.374627475401393
family,42,1,magpie:NsUnfilled,6,0.1656097332529633,0.015378127327815405,20.374627475401393
family,42,1,magpie:NpUnfilled,6,0.7320553740554849,0.04301179462169071,20.374627475401393
family,42,1,magpie:NdUnfilled,6,2.3668454562065167,0.14090248476676998,20.374627475401393
family,42,1,magpie:NfUnfilled,6,0.0,0.0,20.374627475401393
family,42,1,magpie:NUnfilled,6,1.696102201008771,0.11258484696803275,20.374627475401393
family,42,1,magpie:GSvolume_pa,6,0.41724553998373964,0.053637193129729976,20.374627475401393
family,42,1,magpie:GSbandgap,6,0.6238595855611451,0.0404163915738599,20.374627475401393
family,42,1,magpie:GSmagmom,6,0.05586238166714637,0.01043507646176149,20.374627475401393
family,42,1,magpie:SpaceGroupNumber,6,0.26399681506863926,0.029576500856926712,20.374627475401393
family,42,1,a,1,2.533112980725684,0.11126202128533282,20.374627475401393
family,42,1,b,1,1.3420610145883238,0.05519219379367551,20.374627475401393
family,42,1,gamma,1,0.07121484111071083,0.026814310710174146,20.374627475401393
family,42,1,area_per_atom,1,11.44336501893803,0.31545967318163953,20.374627475401393
family,42,1,nat,1,0.7298928742105119,0.05146979985237343,20.374627475401393
family,42,1,z_extent,1,1.1865282400180313,0.04401520436922249,20.374627475401393
family,42,1,spg_number,1,0.6834557241200692,0.05130606696054752,20.374627475401393
family,42,1,n_elements,1,0.010588002350920788,0.006270982257812107,20.374627475401393
family,42,2,magpie:Number,6,1.7894307381173526,0.04712391105124339,18.680974217520408
family,42,2,magpie:MendeleevNumber,6,0.5742403345771713,0.05841745005500634,18.680974217520408
family,42,2,magpie:AtomicWeight,6,0.46758706532604466,0.026281311639768087,18.680974217520408
family,42,2,magpie:MeltingT,6,3.288193183571854,0.11308704232637094,18.680974217520408
family,42,2,magpie:Column,6,1.4431276637053223,0.056078489704859825,18.680974217520408
family,42,2,magpie:Row,6,0.6350708976558621,0.01471997401153474,18.680974217520408
family,42,2,magpie:CovalentRadius,6,1.6646572464802987,0.04818542663743573,18.680974217520408
family,42,2,magpie:Electronegativity,6,0.6445062515829484,0.050356325222033094,18.680974217520408
family,42,2,magpie:NsValence,6,-0.031566981073707014,0.012991469313967718,18.680974217520408
family,42,2,magpie:NpValence,6,0.4853049219230215,0.03562912853868744,18.680974217520408
family,42,2,magpie:NdValence,6,0.3113829204628722,0.012370732585081257,18.680974217520408
family,42,2,magpie:NfValence,6,0.0641084161297762,0.0035267436415498676,18.680974217520408
family,42,2,magpie:NValence,6,0.2351540826590231,0.038323032598402335,18.680974217520408
family,42,2,magpie:NsUnfilled,6,0.11864765837335015,0.017127149550127695,18.680974217520408
family,42,2,magpie:NpUnfilled,6,1.2556933661410858,0.049451649104910685,18.680974217520408
family,42,2,magpie:NdUnfilled,6,3.7526800191331047,0.11806513997832396,18.680974217520408
family,42,2,magpie:NfUnfilled,6,0.0,0.0,18.680974217520408
family,42,2,magpie:NUnfilled,6,4.52694643396931,0.11528598247376445,18.680974217520408
family,42,2,magpie:GSvolume_pa,6,0.623294047259364,0.05394392923368235,18.680974217520408
family,42,2,magpie:GSbandgap,6,0.903337086705249,0.02849505185248882,18.680974217520408
family,42,2,magpie:GSmagmom,6,0.12327383027967471,0.009393709931115615,18.680974217520408
family,42,2,magpie:SpaceGroupNumber,6,0.4117705534006511,0.026675138307475022,18.680974217520408
family,42,2,a,1,2.8457357370098584,0.11436056348790168,18.680974217520408
family,42,2,b,1,2.53744430354964,0.057180455708929746,18.680974217520408
family,42,2,gamma,1,-0.010556323197900497,0.02607012989553483,18.680974217520408
family,42,2,area_per_atom,1,19.371489589211002,0.33554341540552124,18.680974217520408
family,42,2,nat,1,0.8875624885581687,0.04387015604045156,18.680974217520408
family,42,2,z_extent,1,1.4138714013595675,0.03899971455274191,18.680974217520408
family,42,2,spg_number,1,0.9216347102737614,0.03499734843688325,18.680974217520408
family,42,2,n_elements,1,-0.05943751358655689,0.00469476871757935,18.680974217520408
family,42,3,magpie:Number,6,0.6353055575975816,0.04407699245146403,18.113989488205934
family,42,3,magpie:MendeleevNumber,6,0.2995889142313942,0.06334426576466316,18.113989488205934
family,42,3,magpie:AtomicWeight,6,-0.028451806491294463,0.028028747599582942,18.113989488205934
family,42,3,magpie:MeltingT,6,3.1687377935882415,0.12660699565628195,18.113989488205934
family,42,3,magpie:Column,6,0.23315727439657366,0.045067303097646956,18.113989488205934
family,42,3,magpie:Row,6,0.31625941287658393,0.021046108462541423,18.113989488205934
family,42,3,magpie:CovalentRadius,6,1.7392178379026397,0.06594267885761922,18.113989488205934
family,42,3,magpie:Electronegativity,6,0.06813521765525792,0.05498795480507095,18.113989488205934
family,42,3,magpie:NsValence,6,0.06508072905931783,0.01383375845675627,18.113989488205934
family,42,3,magpie:NpValence,6,0.6392196389691996,0.05742339559054201,18.113989488205934
family,42,3,magpie:NdValence,6,0.5428793477976172,0.028238758904361734,18.113989488205934
family,42,3,magpie:NfValence,6,-0.011010291200427246,0.00448495177436161,18.113989488205934
family,42,3,magpie:NValence,6,0.2750491123933905,0.027277628849929205,18.113989488205934
family,42,3,magpie:NsUnfilled,6,0.05824574469616408,0.022168691330996693,18.113989488205934
family,42,3,magpie:NpUnfilled,6,0.5865441679350368,0.06115833781156043,18.113989488205934
family,42,3,magpie:NdUnfilled,6,3.233069016846354,0.1280035778991006,18.113989488205934
family,42,3,magpie:NfUnfilled,6,0.0,0.0,18.113989488205934
family,42,3,magpie:NUnfilled,6,3.6204751511169326,0.11031216564512542,18.113989488205934
family,42,3,magpie:GSvolume_pa,6,0.07531650622278079,0.06455627403391638,18.113989488205934
family,42,3,magpie:GSbandgap,6,0.4098273589375843,0.02705717081944496,18.113989488205934
family,42,3,magpie:GSmagmom,6,-0.02970341762089177,0.006325592068861658,18.113989488205934
family,42,3,magpie:SpaceGroupNumber,6,0.15518032083625855,0.028711353918308185,18.113989488205934
family,42,3,a,1,2.8092297222098623,0.1310348609325651,18.113989488205934
family,42,3,b,1,1.3566554959338895,0.046052051620851554,18.113989488205934
family,42,3,gamma,1,-0.0018519982089379994,0.03867101153971035,18.113989488205934
family,42,3,area_per_atom,1,17.18258803329875,0.3235859261246318,18.113989488205934
family,42,3,nat,1,0.8706581612519393,0.03688997447348952,18.113989488205934
family,42,3,z_extent,1,0.47287952046468434,0.03168954915326837,18.113989488205934
family,42,3,spg_number,1,0.28332378540644215,0.053627290990885625,18.113989488205934
family,42,3,n_elements,1,0.0036142091698408763,0.004017132141689401,18.113989488205934
family,42,4,magpie:Number,6,0.6536599040149369,0.04757113244575739,17.503780832756792
family,42,4,magpie:MendeleevNumber,6,0.562779603555596,0.053576442668316515,17.503780832756792
family,42,4,magpie:AtomicWeight,6,0.22256928697144787,0.029948680245321064,17.503780832756792
family,42,4,magpie:MeltingT,6,3.5151913628162434,0.12792561162003913,17.503780832756792
family,42,4,magpie:Column,6,1.1041144420311553,0.06097738036815438,17.503780832756792
family,42,4,magpie:Row,6,0.14000349819528993,0.01959688188017138,17.503780832756792
family,42,4,magpie:CovalentRadius,6,0.7109941290955796,0.06637202669149929,17.503780832756792
family,42,4,magpie:Electronegativity,6,0.3492556877060885,0.05422503853060056,17.503780832756792
family,42,4,magpie:NsValence,6,0.18856768176232136,0.015395811571065239,17.503780832756792
family,42,4,magpie:NpValence,6,0.7215857185788785,0.04033806537212429,17.503780832756792
family,42,4,magpie:NdValence,6,0.10561085521322866,0.012625165831943612,17.503780832756792
family,42,4,magpie:NfValence,6,0.06525349656550077,0.005545772600817868,17.503780832756792
family,42,4,magpie:NValence,6,0.28222737537938797,0.032997914703567464,17.503780832756792
family,42,4,magpie:NsUnfilled,6,0.17313849054096125,0.014877107039578686,17.503780832756792
family,42,4,magpie:NpUnfilled,6,0.6359460562412188,0.05003116452242726,17.503780832756792
family,42,4,magpie:NdUnfilled,6,5.077405660781521,0.14376049406204588,17.503780832756792
family,42,4,magpie:NfUnfilled,6,0.0,0.0,17.503780832756792
family,42,4,magpie:NUnfilled,6,2.3697456866141406,0.10180710851647747,17.503780832756792
family,42,4,magpie:GSvolume_pa,6,0.7993046702642822,0.05342179246185278,17.503780832756792
family,42,4,magpie:GSbandgap,6,0.17808678338277062,0.03228006913649935,17.503780832756792
family,42,4,magpie:GSmagmom,6,0.0659558485872381,0.005973064245698903,17.503780832756792
family,42,4,magpie:SpaceGroupNumber,6,0.3419825036378711,0.028795677975412118,17.503780832756792
family,42,4,a,1,3.2529758148013457,0.12746436864029237,17.503780832756792
family,42,4,b,1,1.4531372735113854,0.04831736831857666,17.503780832756792
family,42,4,gamma,1,0.4445118716542119,0.02400976191362632,17.503780832756792
family,42,4,area_per_atom,1,16.772299477304813,0.33679767202140465,17.503780832756792
family,42,4,nat,1,0.7792033935765481,0.05355598106226583,17.503780832756792
family,42,4,z_extent,1,1.32121065898313,0.05404242365370748,17.503780832756792
family,42,4,spg_number,1,1.0063210711381572,0.04741490478752922,17.503780832756792
family,42,4,n_elements,1,0.08141767796819863,0.00539727635540295,17.503780832756792
family,43,0,magpie:Number,6,0.5399366287344762,0.04612566259407238,26.264117342014888
family,43,0,magpie:MendeleevNumber,6,0.3333586909097498,0.06551903722210184,26.264117342014888
family,43,0,magpie:AtomicWeight,6,0.429500961678842,0.03474496578556715,26.264117342014888
family,43,0,magpie:MeltingT,6,2.2433789896521965,0.11097294273672981,26.264117342014888
family,43,0,magpie:Column,6,0.6044011606370774,0.04084497210851866,26.264117342014888
family,43,0,magpie:Row,6,0.14604456300342078,0.01640552938737975,26.264117342014888
family,43,0,magpie:CovalentRadius,6,0.9007370067244722,0.0470077430543569,26.264117342014888
family,43,0,magpie:Electronegativity,6,0.31656676594766464,0.051575020393389404,26.264117342014888
family,43,0,magpie:NsValence,6,0.052413538730555584,0.015532838944968685,26.264117342014888
family,43,0,magpie:NpValence,6,1.026995379822263,0.056121950805852805,26.264117342014888
family,43,0,magpie:NdValence,6,0.2537832540466532,0.018147823443097327,26.264117342014888
family,43,0,magpie:NfValence,6,0.02411553382666156,0.008510825768720733,26.264117342014888
family,43,0,magpie:NValence,6,0.1723791888122193,0.027823714484468395,26.264117342014888
family,43,0,magpie:NsUnfilled,6,0.03156996540120218,0.01451519261481813,26.264117342014888
family,43,0,magpie:NpUnfilled,6,0.4840726878921558,0.04284941667523733,26.264117342014888
family,43,0,magpie:NdUnfilled,6,3.163419789585359,0.16517148638349505,26.264117342014888
family,43,0,magpie:NfUnfilled,6,0.0,0.0,26.264117342014888
family,43,0,magpie:NUnfilled,6,1.1819539389639169,0.1219063339222349,26.264117342014888
family,43,0,magpie:GSvolume_pa,6,0.48712942634371215,0.05428759743599956,26.264117342014888
family,43,0,magpie:GSbandgap,6,-0.1461161059991504,0.034037683079735315,26.264117342014888
family,43,0,magpie:GSmagmom,6,0.01090737867122371,0.008669209422295909,26.264117342014888
family,43,0,magpie:SpaceGroupNumber,6,0.31347061787328484,0.02954661477353739,26.264117342014888
family,43,0,a,1,1.5825663127553766,0.13071003200587616,26.264117342014888
family,43,0,b,1,0.09829204163661061,0.03457871128378015,26.264117342014888
family,43,0,gamma,1,0.10014701470708687,0.01777798787081177,26.264117342014888
family,43,0,area_per_atom,1,8.492535053875761,0.26228790057683316,26.264117342014888
family,43,0,nat,1,0.19439997546356266,0.04381829594817953,26.264117342014888
family,43,0,z_extent,1,0.2252696048025591,0.05104205282785609,26.264117342014888
family,43,0,spg_number,1,0.9947324354954581,0.049243468762495086,26.264117342014888
family,43,0,n_elements,1,-0.044509880899396136,0.005139122040965321,26.264117342014888
family,43,1,magpie:Number,6,0.7071342105384183,0.04296402580329212,19.02226655774995
family,43,1,magpie:MendeleevNumber,6,0.376047391725438,0.06431426334020414,19.02226655774995
family,43,1,magpie:AtomicWeight,6,0.15224049391950628,0.02463265690104902,19.02226655774995
family,43,1,magpie:MeltingT,6,1.7478053674693548,0.11168647202386241,19.02226655774995
family,43,1,magpie:Column,6,0.6979804272564053,0.05848801095807606,19.02226655774995
family,43,1,magpie:Row,6,0.19879616150018647,0.019074966682935412,19.02226655774995
family,43,1,magpie:CovalentRadius,6,0.856253083141133,0.055447697789160644,19.02226655774995
family,43,1,magpie:Electronegativity,6,0.49396765363177336,0.05305023547017925,19.02226655774995
family,43,1,magpie:NsValence,6,0.08225501921104339,0.013937263435707788,19.02226655774995
family,43,1,magpie:NpValence,6,0.7391280578292119,0.04561257661973557,19.02226655774995
family,43,1,magpie:NdValence,6,0.10913342671042585,0.014680920183446302,19.02226655774995
family,43,1,magpie:NfValence,6,0.046064259568672127,0.0072170611024891355,19.02226655774995
family,43,1,magpie:NValence,6,0.593974271421893,0.04529483373660757,19.02226655774995
family,43,1,magpie:NsUnfilled,6,0.09684805889214232,0.015425807534953016,19.02226655774995
family,43,1,magpie:NpUnfilled,6,0.769611425961277,0.044282646129922984,19.02226655774995
family,43,1,magpie:NdUnfilled,6,2.6861920710637657,0.13891499069656496,19.02226655774995
family,43,1,magpie:NfUnfilled,6,0.0,0.0,19.02226655774995
family,43,1,magpie:NUnfilled,6,1.5580593346977736,0.09933739152727662,19.02226655774995
family,43,1,magpie:GSvolume_pa,6,0.2727478203284832,0.05648706081138979,19.02226655774995
family,43,1,magpie:GSbandgap,6,0.49753223817495495,0.03492312625596437,19.02226655774995
family,43,1,magpie:GSmagmom,6,0.0534111912431392,0.012153292827437686,19.02226655774995
family,43,1,magpie:SpaceGroupNumber,6,0.31924090416254103,0.030052711111346546,19.02226655774995
family,43,1,a,1,3.7134025747505612,0.13058984379482494,19.02226655774995
family,43,1,b,1,1.4007595568672833,0.05432620715396572,19.02226655774995
family,43,1,gamma,1,-0.12816190613201286,0.0272591155930641,19.02226655774995
family,43,1,area_per_atom,1,10.909605953246274,0.2882975976386651,19.02226655774995
family,43,1,nat,1,1.0425623289210684,0.06033562908952651,19.02226655774995
family,43,1,z_extent,1,0.8432741349023537,0.03965785619576564,19.02226655774995
family,43,1,spg_number,1,0.15796800004131412,0.05200320367342735,19.02226655774995
family,43,1,n_elements,1,-5.4279727748962614e-05,0.00903866965758881,19.02226655774995
family,43,2,magpie:Number,6,0.6850994882051303,0.03319799141642117,18.704487907848193
family,43,2,magpie:MendeleevNumber,6,0.6687313471126977,0.06483438233366241,18.704487907848193
family,43,2,magpie:AtomicWeight,6,0.9880221571831214,0.034919245935443134,18.704487907848193
family,43,2,magpie:MeltingT,6,2.881117220514811,0.10371022007703888,18.704487907848193
family,43,2,magpie:Column,6,0.9615619018013625,0.051330306746693505,18.704487907848193
family,43,2,magpie:Row,6,0.30455853871326893,0.018972741254356922,18.704487907848193
family,43,2,magpie:CovalentRadius,6,2.426912345763911,0.05683374645398099,18.704487907848193
family,43,2,magpie:Electronegativity,6,0.6028248165200829,0.054043784807775365,18.704487907848193
family,43,2,magpie:NsValence,6,0.1599369715232548,0.012471990863591808,18.704487907848193
family,43,2,magpie:NpValence,6,1.163970875923333,0.04327487990749654,18.704487907848193
family,43,2,magpie:NdValence,6,0.4129804406245903,0.013933207290422724,18.704487907848193
family,43,2,magpie:NfValence,6,0.07583958980083523,0.005032486966764368,18.704487907848193
family,43,2,magpie:NValence,6,0.4416012413721283,0.04020479560776953,18.704487907848193
family,43,2,magpie:NsUnfilled,6,0.06522154907200388,0.013941078756359925,18.704487907848193
family,43,2,magpie:NpUnfilled,6,1.128338569524353,0.04823515700110452,18.704487907848193
family,43,2,magpie:NdUnfilled,6,4.08454755434864,0.12066272952843203,18.704487907848193
family,43,2,magpie:NfUnfilled,6,0.0,0.0,18.704487907848193
family,43,2,magpie:NUnfilled,6,4.924181511762197,0.12120549281287402,18.704487907848193
family,43,2,magpie:GSvolume_pa,6,0.6934898247775074,0.05067346606727846,18.704487907848193
family,43,2,magpie:GSbandgap,6,1.028381449936979,0.027593226682173507,18.704487907848193
family,43,2,magpie:GSmagmom,6,0.08305931871064658,0.009962731294872986,18.704487907848193
family,43,2,magpie:SpaceGroupNumber,6,0.4263525719074906,0.030177308149265326,18.704487907848193
family,43,2,a,1,3.8481861270496034,0.13874180164593458,18.704487907848193
family,43,2,b,1,2.6334315254227967,0.0586895978734708,18.704487907848193
family,43,2,gamma,1,0.17233535577704656,0.01767001129349917,18.704487907848193
family,43,2,area_per_atom,1,17.903782507416,0.32887475704076347,18.704487907848193
family,43,2,nat,1,1.3836623777478827,0.054875465588123847,18.704487907848193
family,43,2,z_extent,1,1.0106715477347201,0.042850662216443056,18.704487907848193
family,43,2,spg_number,1,1.0958472139260529,0.039845649535672024,18.704487907848193
family,43,2,n_elements,1,-0.16087350532309158,0.008455552975754644,18.704487907848193
family,43,3,magpie:Number,6,0.6754638280931807,0.04084491763565079,17.739155960402577
family,43,3,magpie:MendeleevNumber,6,0.08880244771484129,0.061730628411021254,17.739155960402577
family,43,3,magpie:AtomicWeight,6,0.06495334111517721,0.02786737698841453,17.739155960402577
family,43,3,magpie:MeltingT,6,2.408384103889232,0.11361006141447379,17.739155960402577
family,43,3,magpie:Column,6,0.004896253617391722,0.03763462628456536,17.739155960402577
family,43,3,magpie:Row,6,0.0844653797243879,0.016370858123986646,17.739155960402577
family,43,3,magpie:CovalentRadius,6,2.2316354556857485,0.08010540994875101,17.739155960402577
family,43,3,magpie:Electronegativity,6,0.5847910261944953,0.0557167557433104,17.739155960402577
family,43,3,magpie:NsValence,6,0.060417926601918734,0.013607151646067045,17.739155960402577
family,43,3,magpie:NpValence,6,0.5671691600354194,0.048144872530199584,17.739155960402577
family,43,3,magpie:NdValence,6,0.16937736407450502,0.021797811175926145,17.739155960402577
family,43,3,magpie:NfValence,6,-0.004171706085812588,0.004248873563095835,17.739155960402577
family,43,3,magpie:NValence,6,0.3957947322066239,0.03712343344443396,17.739155960402577
family,43,3,magpie:NsUnfilled,6,0.13322531055112918,0.026871549121407344,17.739155960402577
family,43,3,magpie:NpUnfilled,6,0.6338342088030828,0.05056455262103657,17.739155960402577
family,43,3,magpie:NdUnfilled,6,4.0032195936782395,0.16264273683973504,17.739155960402577
family,43,3,magpie:NfUnfilled,6,0.0,0.0,17.739155960402577
family,43,3,magpie:NUnfilled,6,2.8645093741727905,0.1156511715728855,17.739155960402577
family,43,3,magpie:GSvolume_pa,6,0.37315829499343495,0.0618476103811612,17.739155960402577
family,43,3,magpie:GSbandgap,6,0.3651188088412951,0.03042116310441743,17.739155960402577
family,43,3,magpie:GSmagmom,6,-0.15276863531239543,0.007203360815618607,17.739155960402577
family,43,3,magpie:SpaceGroupNumber,6,-0.08962807540154501,0.032722191132754694,17.739155960402577
family,43,3,a,1,3.571987643346893,0.14492548752794354,17.739155960402577
family,43,3,b,1,1.0096723022785319,0.04822125930914227,17.739155960402577
family,43,3,gamma,1,0.30365351093062004,0.022574292624591263,17.739155960402577
family,43,3,area_per_atom,1,15.134490152554793,0.3051583541254494,17.739155960402577
family,43,3,nat,1,1.2607525762365364,0.0560129680400783,17.739155960402577
family,43,3,z_extent,1,0.8171658553222401,0.03316066299451897,17.739155960402577
family,43,3,spg_number,1,0.7899829205406576,0.054802496687294436,17.739155960402577
family,43,3,n_elements,1,-0.04238362132408398,0.007182075480794891,17.739155960402577
family,43,4,magpie:Number,6,0.30282390284562694,0.032012435731245716,16.724282362042022
family,43,4,magpie:MendeleevNumber,6,0.9548796758269795,0.06632626441160255,16.724282362042022
family,43,4,magpie:AtomicWeight,6,0.09023999475586778,0.026101502555346087,16.724282362042022
family,43,4,magpie:MeltingT,6,3.66582000028484,0.1221762820255593,16.724282362042022
family,43,4,magpie:Column,6,0.5343289904119238,0.04952940357710471,16.724282362042022
family,43,4,magpie:Row,6,0.2760584987026533,0.016695222406974717,16.724282362042022
family,43,4,magpie:CovalentRadius,6,1.7627735982502315,0.062054972804278914,16.724282362042022
family,43,4,magpie:Electronegativity,6,0.43325836884728874,0.04522131175928455,16.724282362042022
family,43,4,magpie:NsValence,6,0.23138750152459267,0.012191295418593373,16.724282362042022
family,43,4,magpie:NpValence,6,1.0184456462124083,0.041069976948176434,16.724282362042022
family,43,4,magpie:NdValence,6,0.3682986842967644,0.017244364900400173,16.724282362042022
family,43,4,magpie:NfValence,6,0.01937821691013113,0.0029437810845539107,16.724282362042022
family,43,4,magpie:NValence,6,0.29297052161782916,0.042878365880072385,16.724282362042022
family,43,4,magpie:NsUnfilled,6,0.14634092325857395,0.020753556326949002,16.724282362042022
family,43,4,magpie:NpUnfilled,6,0.8985781715983727,0.0466866122831434,16.724282362042022
family,43,4,magpie:NdUnfilled,6,4.437768679789072,0.1412968426302559,16.724282362042022
family,43,4,magpie:NfUnfilled,6,0.0,0.0,16.724282362042022
family,43,4,magpie:NUnfilled,6,3.0133265840072254,0.10538904478137871,16.724282362042022
family,43,4,magpie:GSvolume_pa,6,0.9420433221634326,0.0604953374695977,16.724282362042022
family,43,4,magpie:GSbandgap,6,0.23785674019697253,0.026237166302345453,16.724282362042022
family,43,4,magpie:GSmagmom,6,0.10882465502753362,0.00766029877827041,16.724282362042022
family,43,4,magpie:SpaceGroupNumber,6,0.3936982122044611,0.029005496911348207,16.724282362042022
family,43,4,a,1,2.977559763894739,0.11895981649058243,16.724282362042022
family,43,4,b,1,1.0837603460166334,0.0516158222521684,16.724282362042022
family,43,4,gamma,1,0.5669688536809112,0.019519629346726217,16.724282362042022
family,43,4,area_per_atom,1,17.359014940352782,0.32624191370014843,16.724282362042022
family,43,4,nat,1,1.300867287022107,0.06628992869034805,16.724282362042022
family,43,4,z_extent,1,1.2177229534647402,0.04431700934880758,16.724282362042022
family,43,4,spg_number,1,0.9370717259953188,0.04388177168137831,16.724282362042022
family,43,4,n_elements,1,0.12427826360504497,0.00911533825966269,16.724282362042022
family,44,0,magpie:Number,6,0.3083140931707874,0.03457156129361988,26.193377228749053
family,44,0,magpie:MendeleevNumber,6,0.4819345079749212,0.06651811002144545,26.193377228749053
family,44,0,magpie:AtomicWeight,6,0.442365306809868,0.04202888242724499,26.193377228749053
family,44,0,magpie:MeltingT,6,2.877225960696321,0.13005172997676362,26.193377228749053
family,44,0,magpie:Column,6,0.5452878778047093,0.03735822968307433,26.193377228749053
family,44,0,magpie:Row,6,0.183781799867954,0.013652833593343922,26.193377228749053
family,44,0,magpie:CovalentRadius,6,0.7377318681726571,0.04666358067830414,26.193377228749053
family,44,0,magpie:Electronegativity,6,0.6840609145691005,0.058202458947779354,26.193377228749053
family,44,0,magpie:NsValence,6,0.009335917578634677,0.014152567237849937,26.193377228749053
family,44,0,magpie:NpValence,6,0.6509832964962946,0.04091740722381595,26.193377228749053
family,44,0,magpie:NdValence,6,0.12559904875001848,0.018188037266630756,26.193377228749053
family,44,0,magpie:NfValence,6,0.022311444938593893,0.005851172793604928,26.193377228749053
family,44,0,magpie:NValence,6,0.13809423310499228,0.03406716480408677,26.193377228749053
family,44,0,magpie:NsUnfilled,6,0.05391718992408414,0.01084468445819357,26.193377228749053
family,44,0,magpie:NpUnfilled,6,0.5609465266464995,0.035741950053305535,26.193377228749053
family,44,0,magpie:NdUnfilled,6,2.3575437092658804,0.13078182420078213,26.193377228749053
family,44,0,magpie:NfUnfilled,6,0.0,0.0,26.193377228749053
family,44,0,magpie:NUnfilled,6,1.2810882691501653,0.12461747305926582,26.193377228749053
family,44,0,magpie:GSvolume_pa,6,0.21013097369525796,0.05322425128452821,26.193377228749053
family,44,0,magpie:GSbandgap,6,-0.0524254450059324,0.03655317105786442,26.193377228749053
family,44,0,magpie:GSmagmom,6,-0.014145163428482021,0.00967254151784052,26.193377228749053
family,44,0,magpie:SpaceGroupNumber,6,0.13642498573381304,0.029306166524872834,26.193377228749053
family,44,0,a,1,1.9834578623893073,0.13861237493951364,26.193377228749053
family,44,0,b,1,0.17672324514080132,0.02654217669600414,26.193377228749053
family,44,0,gamma,1,0.07203227833624695,0.01334644261543045,26.193377228749053
family,44,0,area_per_atom,1,9.258449057673593,0.28841661366052895,26.193377228749053
family,44,0,nat,1,0.16810360056182602,0.02892687820116541,26.193377228749053
family,44,0,z_extent,1,0.22184136484265055,0.045887954764446924,26.193377228749053
family,44,0,spg_number,1,0.8444918774590825,0.05081165634703423,26.193377228749053
family,44,0,n_elements,1,-0.01817977740216108,0.0040591444580379225,26.193377228749053
family,44,1,magpie:Number,6,0.48429182629962286,0.045724354799080415,18.711095659506647
family,44,1,magpie:MendeleevNumber,6,0.41805821009211214,0.06280014814549294,18.711095659506647
family,44,1,magpie:AtomicWeight,6,0.3698332406180377,0.036423654534013576,18.711095659506647
family,44,1,magpie:MeltingT,6,2.046516106865975,0.11778757876713268,18.711095659506647
family,44,1,magpie:Column,6,0.8728465112976103,0.06068063182771808,18.711095659506647
family,44,1,magpie:Row,6,0.04763514731812037,0.013801495079545471,18.711095659506647
family,44,1,magpie:CovalentRadius,6,0.48662320842145446,0.0439584449373872,18.711095659506647
family,44,1,magpie:Electronegativity,6,0.3418829275504386,0.0564216197511233,18.711095659506647
family,44,1,magpie:NsValence,6,0.14776746576170724,0.015209942966566095,18.711095659506647
family,44,1,magpie:NpValence,6,0.2957020402830686,0.04348139620567002,18.711095659506647
family,44,1,magpie:NdValence,6,0.041625943660924494,0.018279408793129035,18.711095659506647
family,44,1,magpie:NfValence,6,0.12727333661851645,0.00925624948547069,18.711095659506647
family,44,1,magpie:NValence,6,0.3921667209273238,0.043402403062425286,18.711095659506647
family,44,1,magpie:NsUnfilled,6,0.06312455541935477,0.011994292852374753,18.711095659506647
family,44,1,magpie:NpUnfilled,6,0.42444593755768667,0.03844107987599318,18.711095659506647
family,44,1,magpie:NdUnfilled,6,1.1708722576783714,0.10598067075364431,18.711095659506647
family,44,1,magpie:NfUnfilled,6,0.0,0.0,18.711095659506647
family,44,1,magpie:NUnfilled,6,1.3646164073096856,0.10253806807650669,18.711095659506647
family,44,1,magpie:GSvolume_pa,6,0.35944475411314725,0.05350572553778092,18.711095659506647
family,44,1,magpie:GSbandgap,6,0.306007609758921,0.035382586016515734,18.711095659506647
family,44,1,magpie:GSmagmom,6,0.06596521000495699,0.009229455255001807,18.711095659506647
family,44,1,magpie:SpaceGroupNumber,6,0.188850055414607,0.03431492030206967,18.711095659506647
family,44,1,a,1,2.3724626254118726,0.11934564049855484,18.711095659506647
family,44,1,b,1,1.1232295211240206,0.056957479772181345,18.711095659506647
family,44,1,gamma,1,0.09099762133294931,0.027192913436076906,18.711095659506647
family,44,1,area_per_atom,1,11.22719470804655,0.31723153375261176,18.711095659506647
family,44,1,nat,1,0.5127218538343336,0.03833800514198091,18.711095659506647
family,44,1,z_extent,1,1.1861840084992898,0.041435132648433515,18.711095659506647
family,44,1,spg_number,1,0.4498426076664394,0.05164133255807767,18.711095659506647
family,44,1,n_elements,1,0.015291492149194142,0.005165034392146708,18.711095659506647
family,44,2,magpie:Number,6,1.390480376429693,0.03665607011175823,19.27000097633559
family,44,2,magpie:MendeleevNumber,6,0.5583505479024652,0.05887738375222689,19.27000097633559
family,44,2,magpie:AtomicWeight,6,1.5088741019949026,0.037092720636315746,19.27000097633559
family,44,2,magpie:MeltingT,6,3.985718880824056,0.13005224885224423,19.27000097633559
family,44,2,magpie:Column,6,0.8030864920458122,0.044157779667497704,19.27000097633559
family,44,2,magpie:Row,6,0.6087693810250876,0.01668635834281836,19.27000097633559
family,44,2,magpie:CovalentRadius,6,1.7629045161381611,0.04792855543318656,19.27000097633559
family,44,2,magpie:Electronegativity,6,0.48697574711415753,0.051786488742029756,19.27000097633559
family,44,2,magpie:NsValence,6,0.15311827307658205,0.015998816206314787,19.27000097633559
family,44,2,magpie:NpValence,6,0.888382776674898,0.03918152795737551,19.27000097633559
family,44,2,magpie:NdValence,6,0.3435051018896672,0.013203327565357761,19.27000097633559
family,44,2,magpie:NfValence,6,0.024973349278862855,0.0025981945675267984,19.27000097633559
family,44,2,magpie:NValence,6,0.3737116764558969,0.02839979333189396,19.27000097633559
family,44,2,magpie:NsUnfilled,6,0.0148459743609493,0.00893339551007499,19.27000097633559
family,44,2,magpie:NpUnfilled,6,1.1393026387681573,0.04267026808357212,19.27000097633559
family,44,2,magpie:NdUnfilled,6,3.28423385264549,0.10449310736394204,19.27000097633559
family,44,2,magpie:NfUnfilled,6,0.0,0.0,19.27000097633559
family,44,2,magpie:NUnfilled,6,5.938365063147952,0.12160877131692902,19.27000097633559
family,44,2,magpie:GSvolume_pa,6,0.6970846558096071,0.054717486852865996,19.27000097633559
family,44,2,magpie:GSbandgap,6,0.7190476371944072,0.026044505661076713,19.27000097633559
family,44,2,magpie:GSmagmom,6,0.09728346352580389,0.010460230484877589,19.27000097633559
family,44,2,magpie:SpaceGroupNumber,6,0.08091938799826011,0.026438151891366335,19.27000097633559
family,44,2,a,1,3.021889200273926,0.12208899564980483,19.27000097633559
family,44,2,b,1,2.5869311873474965,0.05074833498734243,19.27000097633559
family,44,2,gamma,1,-0.33767849186890686,0.03418167239930231,19.27000097633559
family,44,2,area_per_atom,1,19.862393194391675,0.3753202498425379,19.27000097633559
family,44,2,nat,1,1.0746751876245617,0.03850478266130495,19.27000097633559
family,44,2,z_extent,1,1.2061950004809503,0.03656501002804115,19.27000097633559
family,44,2,spg_number,1,0.9279862420697448,0.03527176946645346,19.27000097633559
family,44,2,n_elements,1,0.010236666934362404,0.003973708602485639,19.27000097633559
family,44,3,magpie:Number,6,0.30832263220394795,0.037384003914287575,17.93595406437869
family,44,3,magpie:MendeleevNumber,6,0.45087579264523614,0.07095366719976022,17.93595406437869
family,44,3,magpie:AtomicWeight,6,0.15499141171348044,0.030178669794117156,17.93595406437869
family,44,3,magpie:MeltingT,6,2.2274688216331406,0.12478766299486575,17.93595406437869
family,44,3,magpie:Column,6,0.15079340300935798,0.04557957727409531,17.93595406437869
family,44,3,magpie:Row,6,0.07407790527704564,0.015737523280279442,17.93595406437869
family,44,3,magpie:CovalentRadius,6,1.5470767253008944,0.06422252443508339,17.93595406437869
family,44,3,magpie:Electronegativity,6,0.34373525407366756,0.05198896968782472,17.93595406437869
family,44,3,magpie:NsValence,6,0.05639058282396263,0.013943298694313315,17.93595406437869
family,44,3,magpie:NpValence,6,0.4588616618683027,0.04265532878852708,17.93595406437869
family,44,3,magpie:NdValence,6,0.08787064990772109,0.021158236681581757,17.93595406437869
family,44,3,magpie:NfValence,6,0.0330242624200622,0.006194703511682684,17.93595406437869
family,44,3,magpie:NValence,6,0.16499233760837484,0.03050849356554412,17.93595406437869
family,44,3,magpie:NsUnfilled,6,-0.011927302287991636,0.013855941945435315,17.93595406437869
family,44,3,magpie:NpUnfilled,6,0.6674918857413253,0.05710123041220072,17.93595406437869
family,44,3,magpie:NdUnfilled,6,2.761866943896083,0.12510070672100618,17.93595406437869
family,44,3,magpie:NfUnfilled,6,0.0,0.0,17.93595406437869
family,44,3,magpie:NUnfilled,6,2.5270448339776075,0.1156320702990358,17.93595406437869
family,44,3,magpie:GSvolume_pa,6,0.18365864586722863,0.05882323164339138,17.93595406437869
family,44,3,magpie:GSbandgap,6,0.17778860797845225,0.027200154433273026,17.93595406437869
family,44,3,magpie:GSmagmom,6,-0.14122429659364427,0.0074438396567486605,17.93595406437869
family,44,3,magpie:SpaceGroupNumber,6,-0.20317579557570084,0.03347010817532687,17.93595406437869
family,44,3,a,1,2.915232535973,0.13867577720136384,17.93595406437869
family,44,3,b,1,0.9392141014666073,0.04098629074884538,17.93595406437869
family,44,3,gamma,1,0.11421382793040635,0.0291889671663967,17.93595406437869
family,44,3,area_per_atom,1,18.387703438284547,0.352892198389785,17.93595406437869
family,44,3,nat,1,0.3369411701209735,0.03136393062298192,17.93595406437869
family,44,3,z_extent,1,0.6326524853073003,0.037802052146216306,17.93595406437869
family,44,3,spg_number,1,0.44687132770763327,0.04770355603652072,17.93595406437869
family,44,3,n_elements,1,0.006812393217576584,0.004169259975542823,17.93595406437869
family,44,4,magpie:Number,6,0.2845858099150007,0.040549956750358745,17.091891020814945
family,44,4,magpie:MendeleevNumber,6,0.9670866441141996,0.06856755509251704,17.091891020814945
family,44,4,magpie:AtomicWeight,6,0.3308247924018005,0.03771033433548147,17.091891020814945
family,44,4,magpie:MeltingT,6,3.424342496544188,0.11798185313665648,17.091891020814945
family,44,4,magpie:Column,6,1.417366857613939,0.060182106389286234,17.091891020814945
family,44,4,magpie:Row,6,0.14688383636569924,0.01695551167802472,17.091891020814945
family,44,4,magpie:CovalentRadius,6,0.9318029076316556,0.05164529174027877,17.091891020814945
family,44,4,magpie:Electronegativity,6,0.747872960291366,0.04926638684300241,17.091891020814945
family,44,4,magpie:NsValence,6,0.15422244814983443,0.012328993115450907,17.091891020814945
family,44,4,magpie:NpValence,6,0.6558375298845789,0.038174920907119166,17.091891020814945
family,44,4,magpie:NdValence,6,0.2124255948221098,0.014669461766151966,17.091891020814945
family,44,4,magpie:NfValence,6,0.018509986886063957,0.00471087032483054,17.091891020814945
family,44,4,magpie:NValence,6,0.2862067694757293,0.03901507397167387,17.091891020814945
family,44,4,magpie:NsUnfilled,6,0.2559398715143303,0.019092471933117906,17.091891020814945
family,44,4,magpie:NpUnfilled,6,0.8555118955278829,0.05365876957428935,17.091891020814945
family,44,4,magpie:NdUnfilled,6,3.98696625399466,0.13382437716324072,17.091891020814945
family,44,4,magpie:NfUnfilled,6,0.0,0.0,17.091891020814945
family,44,4,magpie:NUnfilled,6,3.8086347407844974,0.11090602013570135,17.091891020814945
family,44,4,magpie:GSvolume_pa,6,0.8322559365986372,0.05713038204054509,17.091891020814945
family,44,4,magpie:GSbandgap,6,0.2583675500271475,0.032508716151872896,17.091891020814945
family,44,4,magpie:GSmagmom,6,0.07574766335762391,0.009240794546904125,17.091891020814945
family,44,4,magpie:SpaceGroupNumber,6,0.34663756111884253,0.03028233554671057,17.091891020814945
family,44,4,a,1,2.606460805112215,0.10060150959633894,17.091891020814945
family,44,4,b,1,1.1176795274181104,0.04626239982021844,17.091891020814945
family,44,4,gamma,1,0.5976889706939431,0.024928918255618437,17.091891020814945
family,44,4,area_per_atom,1,17.94194762007677,0.3614238931806096,17.091891020814945
family,44,4,nat,1,0.5310081793164372,0.052724701140908777,17.091891020814945
family,44,4,z_extent,1,1.2653568592450655,0.044741648807496724,17.091891020814945
family,44,4,spg_number,1,0.508194886720274,0.04303936601264889,17.091891020814945
family,44,4,n_elements,1,-0.004046977732789258,0.004234983776853942,17.091891020814945
