target,rule,scheme,seed,fold,n_train,n_test,tag,features,model,mae,rmse,r2,r2_log,spearman
binding_energy_zscan,upper,random,42,0,7994,1999,main,none,mean_arith,18.55459329105948,33.636401419683764,-2.2479747787462756e-05,-0.21316445764869285,
binding_energy_zscan,upper,random,42,0,7994,1999,main,none,mean_geom,15.753784208812743,34.480221183091885,-0.0508259651759142,-0.00011611227108021538,
binding_energy_zscan,upper,random,42,0,7994,1999,main,mono_basic,ridge,11.871379539048679,28.852981022385936,0.2641791504812365,0.5249531939691203,0.7588776863570414
binding_energy_zscan,upper,random,42,0,7994,1999,main,mono_basic,random_forest,2.4026522746923025,3.826766770077008,0.9870564115023153,0.939361140404574,0.946198767810166
binding_energy_zscan,upper,random,42,0,7994,1999,main,mono_basic,gradient_boosting,2.423415258040342,4.051151371608027,0.9854940007356662,0.9409392932186339,0.9475513315215561
binding_energy_zscan,upper,random,42,0,7994,1999,main,mono_stiffness,ridge,11.82044184992753,28.684806291935864,0.2727318774088615,0.5330272877941178,0.7643176515507338
binding_energy_zscan,upper,random,42,0,7994,1999,main,mono_stiffness,random_forest,2.4025684144332002,3.870905486948631,0.9867561014778339,0.9392948250056442,0.9461382369380776
binding_energy_zscan,upper,random,42,0,7994,1999,main,mono_stiffness,gradient_boosting,2.417171739777855,4.237040177257463,0.9841322308503498,0.9402459659280563,0.9472066031498819
binding_energy_zscan,upper,random,42,0,7994,1999,main,mono_stiffness_stacking,ridge,11.812747372998333,28.618474684548154,0.276091501752996,0.5349921653437917,0.7643568486678451
binding_energy_zscan,upper,random,42,0,7994,1999,main,mono_stiffness_stacking,random_forest,1.914108603091931,3.815498278088736,0.9871325279663797,0.9628480401861488,0.9665218318241574
binding_energy_zscan,upper,random,42,0,7994,1999,main,mono_stiffness_stacking,gradient_boosting,2.0685911610174332,6.2803449024849645,0.9651375664907746,0.9686088291965089,0.9739742757722416
binding_energy_zscan,upper,random,42,1,7994,1999,main,none,mean_arith,18.649088709309815,34.35301288259804,-0.0003369474295693564,-0.18008210061325025,
binding_energy_zscan,upper,random,42,1,7994,1999,main,none,mean_geom,15.993715088247024,35.3420551084242,-0.05876662973587199,-0.0007533124719087958,
binding_energy_zscan,upper,random,42,1,7994,1999,main,mono_basic,ridge,12.470483289548081,29.845997982294023,0.2449271480394023,0.504769085584607,0.7494966290558929
binding_energy_zscan,upper,random,42,1,7994,1999,main,mono_basic,random_forest,2.460730267175735,4.605144795503533,0.9820235792272259,0.9408031370521334,0.9447055747236707
binding_energy_zscan,upper,random,42,1,7994,1999,main,mono_basic,gradient_boosting,2.500110583957782,4.891127870420695,0.9797215536074736,0.9421365006535752,0.946066843467223
binding_energy_zscan,upper,random,42,1,7994,1999,main,mono_stiffness,ridge,12.437458578547913,29.76026793373002,0.24925868107435012,0.5069491911524492,0.7486678139063505
binding_energy_zscan,upper,random,42,1,7994,1999,main,mono_stiffness,random_forest,2.462773294790617,4.505560402835993,0.982792638686806,0.9406753966222426,0.9445339330159749
binding_energy_zscan,upper,random,42,1,7994,1999,main,mono_stiffness,gradient_boosting,2.4477056238220998,4.071205218064141,0.9859504428819913,0.9415302363001548,0.9449488986835598
binding_energy_zscan,upper,random,42,1,7994,1999,main,mono_stiffness_stacking,ridge,12.422912650987804,29.724152905982372,0.25107967222645144,0.5064547580609522,0.7472225677403267
binding_energy_zscan,upper,random,42,1,7994,1999,main,mono_stiffness_stacking,random_forest,2.0051240735763995,4.332633408665672,0.9840881552170603,0.9624991209850796,0.9649904336552662
binding_energy_zscan,upper,random,42,1,7994,1999,main,mono_stiffness_stacking,gradient_boosting,2.1014635012472254,5.877051806802621,0.9707223858160083,0.9679321708480262,0.9735284188640868
binding_energy_zscan,upper,random,42,2,7994,1999,main,none,mean_arith,18.58844882245079,35.00107826703517,-2.4619044097340392e-05,-0.20594863971547284,
binding_energy_zscan,upper,random,42,2,7994,1999,main,none,mean_geom,15.803297312299032,35.87657904618462,-0.050678617853892494,-3.8871014651498115e-07,
binding_energy_zscan,upper,random,42,2,7994,1999,main,mono_basic,ridge,12.415301923999095,30.436868389527994,0.24378066515030772,0.4804655319542991,0.7196152440849009
binding_energy_zscan,upper,random,42,2,7994,1999,main,mono_basic,random_forest,2.462586972049572,4.478964699605589,0.9836241774519876,0.9393093311615699,0.9403662282802622
binding_energy_zscan,upper,random,42,2,7994,1999,main,mono_basic,gradient_boosting,2.5338578158035014,4.654272049403194,0.9823171861898141,0.9405648464417923,0.9418543003685454
binding_energy_zscan,upper,random,42,2,7994,1999,main,mono_stiffness,ridge,12.385684641454851,30.34529197020916,0.24832434407505433,0.48790650137943503,0.7252228254706554
binding_energy_zscan,upper,random,42,2,7994,1999,main,mono_stiffness,random_forest,2.461263231130536,4.370986599769808,0.9844042309806404,0.9393225298450829,0.9402877679581118
binding_energy_zscan,upper,random,42,2,7994,1999,main,mono_stiffness,gradient_boosting,2.5173612462135218,4.841311098315631,0.9808674073030842,0.940285165255971,0.9418830807708538
binding_energy_zscan,upper,random,42,2,7994,1999,main,mono_stiffness_stacking,ridge,12.382862913047418,30.311551424587435,0.2499949720573288,0.4894117429787628,0.7245680919189716
binding_energy_zscan,upper,random,42,2,7994,1999,main,mono_stiffness_stacking,random_forest,1.9301038073610348,4.013847590169004,0.9868486722828272,0.964773938481514,0.9637533616113664
binding_energy_zscan,upper,random,42,2,7994,1999,main,mono_stiffness_stacking,gradient_boosting,2.0153788356472098,6.224337884228969,0.9683747356513551,0.970037994060308,0.9720416003377689
binding_energy_zscan,upper,random,42,3,7995,1998,main,none,mean_arith,17.820325906452865,30.775374528807056,-0.00045943802717718363,-0.2181748546040858,
binding_energy_zscan,upper,random,42,3,7995,1998,main,none,mean_geom,15.116063476769643,31.607295353768528,-0.05527940197701553,-4.7782365647064395e-05,
binding_energy_zscan,upper,random,42,3,7995,1998,main,mono_basic,ridge,11.37513509099337,25.10299166535851,0.3343533424861158,0.5303469677397487,0.7363600104157849
binding_energy_zscan,upper,random,42,3,7995,1998,main,mono_basic,random_forest,2.3571705601674773,3.3294205972309725,0.9882907220380653,0.9360959555050912,0.9403693960684977
binding_energy_zscan,upper,random,42,3,7995,1998,main,mono_basic,gradient_boosting,2.4185866396098157,3.45995452001934,0.9873545708652117,0.9368973479208502,0.941612377401422
binding_energy_zscan,upper,random,42,3,7995,1998,main,mono_stiffness,ridge,11.311072894614439,25.034392929619475,0.3379863858277079,0.5370441124192591,0.7415722782561713
binding_energy_zscan,upper,random,42,3,7995,1998,main,mono_stiffness,random_forest,2.351701447542511,3.3502731554736545,0.9881435895136914,0.9361985470692009,0.9405269875332675
binding_energy_zscan,upper,random,42,3,7995,1998,main,mono_stiffness,gradient_boosting,2.3641150427971005,3.293460836606695,0.9885422907140266,0.9374697763074052,0.9415876700928686
binding_energy_zscan,upper,random,42,3,7995,1998,main,mono_stiffness_stacking,ridge,11.306727714640846,24.988351382781296,0.34041920714052276,0.538854637121378,0.742063465556962
binding_energy_zscan,upper,random,42,3,7995,1998,main,mono_stiffness_stacking,random_forest,1.8411992911736852,2.9796113585677375,0.9906219610073245,0.9605755108490127,0.9640497518147011
binding_energy_zscan,upper,random,42,3,7995,1998,main,mono_stiffness_stacking,gradient_boosting,1.8999319709668478,3.4737721177095753,0.9872533681764329,0.9673790550399809,0.9706815682865693
binding_energy_zscan,upper,random,42,4,7995,1998,main,none,mean_arith,18.916604298979152,34.08082584551926,-1.8333196849518174e-07,-0.21371058222332828,
binding_energy_zscan,upper,random,42,4,7995,1998,main,none,mean_geom,16.09201895713212,34.93709076063459,-0.050880505720875435,-0.0004990136191647121,
binding_energy_zscan,upper,random,42,4,7995,1998,main,mono_basic,ridge,11.995790579332139,28.499786635344062,0.30070072678808213,0.5348997537144096,0.7559646191189664
binding_energy_zscan,upper,random,42,4,7995,1998,main,mono_basic,random_forest,2.3517611622098773,3.3305675967045696,0.9904497142861753,0.9383234918704435,0.9422547542481139
binding_energy_zscan,upper,random,42,4,7995,1998,main,mono_basic,gradient_boosting,2.4440078175437847,3.9222822359621414,0.9867548298533538,0.9391475662223397,0.9431560935698211
binding_energy_zscan,upper,random,42,4,7995,1998,main,mono_stiffness,ridge,11.931824494894954,28.363266454378234,0.3073842719800325,0.5427556364783865,0.7625719431317208
binding_energy_zscan,upper,random,42,4,7995,1998,main,mono_stiffness,random_forest,2.35884457058977,3.3911294733072377,0.9900992384185426,0.9380684562884636,0.9422739008537009
binding_energy_zscan,upper,random,42,4,7995,1998,main,mono_stiffness,gradient_boosting,2.3950833798118527,3.650319387706975,0.9885279352460641,0.9386956434796901,0.942613189657655
binding_energy_zscan,upper,random,42,4,7995,1998,main,mono_stiffness_stacking,ridge,11.89662203368721,28.335884694572986,0.30872092219659897,0.5458402342418145,0.7658946045395085
binding_energy_zscan,upper,random,42,4,7995,1998,main,mono_stiffness_stacking,random_forest,1.8886059535219182,3.1427669467047736,0.9914963727811869,0.961359505291778,0.9638805381115859
binding_energy_zscan,upper,random,42,4,7995,1998,main,mono_stiffness_stacking,gradient_boosting,2.038934270755282,4.9214792078204175,0.9791468739284921,0.9663047344878966,0.970198580901906
binding_energy_zscan,upper,monolayer,42,0,7995,1998,main,none,mean_arith,19.110537741527455,34.79979301488283,-0.0006863799947740556,-0.17452740105071785,
binding_energy_zscan,upper,monolayer,42,0,7995,1998,main,none,mean_geom,16.415585977910425,35.8219480629921,-0.06033492647787231,-0.0006246529071110007,
binding_energy_zscan,upper,monolayer,42,0,7995,1998,main,mono_basic,ridge,15.0762845552896,34.06039837395069,0.041385235735667325,0.2978830227439042,0.6652885111086655
binding_energy_zscan,upper,monolayer,42,0,7995,1998,main,mono_basic,random_forest,9.71270216363461,26.454501922479167,0.42171244592756774,0.687635284819175,0.8723905091138697
binding_energy_zscan,upper,monolayer,42,0,7995,1998,main,mono_basic,gradient_boosting,9.574179506084375,25.962776689284272,0.4430105836828019,0.6935962093562702,0.8630498971258879
binding_energy_zscan,upper,monolayer,42,0,7995,1998,main,mono_stiffness,ridge,14.885785839215355,33.569936186299216,0.06879414378505533,0.3213650612493679,0.6851982221710158
binding_energy_zscan,upper,monolayer,42,0,7995,1998,main,mono_stiffness,random_forest,9.444618310401106,25.93429612740423,0.44423192228251895,0.7069457019129048,0.88090842239035
binding_energy_zscan,upper,monolayer,42,0,7995,1998,main,mono_stiffness,gradient_boosting,9.379306770789194,25.687214004761948,0.45477134190237345,0.710501204141526,0.8776176741931713
binding_energy_zscan,upper,monolayer,42,0,7995,1998,main,mono_stiffness_stacking,ridge,14.89604362601707,33.3752099404517,0.07956594306223586,0.32170928512675634,0.6801209362868298
binding_energy_zscan,upper,monolayer,42,0,7995,1998,main,mono_stiffness_stacking,random_forest,8.784548056661626,25.69777319124665,0.4543229978841855,0.7283447581407714,0.8990661257411752
binding_energy_zscan,upper,monolayer,42,0,7995,1998,main,mono_stiffness_stacking,gradient_boosting,9.011113761640056,26.43073294718392,0.42275114456962914,0.7117561048797769,0.8971369026277963
binding_energy_zscan,upper,monolayer,42,1,7993,2000,main,none,mean_arith,18.67365551610179,33.565010100824416,-5.727014559919752e-05,-0.19919780335282633,
binding_energy_zscan,upper,monolayer,42,1,7993,2000,main,none,mean_geom,15.904277680178504,34.4949363416397,-0.05623852209649316,-2.3867706833602398e-05,
binding_energy_zscan,upper,monolayer,42,1,7993,2000,main,mono_basic,ridge,14.306521332926142,31.792940712989793,0.102751569483988,0.2873633364251922,0.6430521144051652
binding_energy_zscan,upper,monolayer,42,1,7993,2000,main,mono_basic,random_forest,8.566983265747396,22.784825121268604,0.5391679177602182,0.7451455255084426,0.8717505729660449
binding_energy_zscan,upper,monolayer,42,1,7993,2000,main,mono_basic,gradient_boosting,8.443737500286334,22.615596054373157,0.5459879456171339,0.7543767913669644,0.8835055676089667
binding_energy_zscan,upper,monolayer,42,1,7993,2000,main,mono_stiffness,ridge,14.334638895278765,31.826663606744273,0.1008471303157975,0.28181295789396166,0.668605460298163
binding_energy_zscan,upper,monolayer,42,1,7993,2000,main,mono_stiffness,random_forest,8.694228132981578,23.628703710198366,0.5044002255602773,0.7447664195988344,0.8878014709527946
binding_energy_zscan,upper,monolayer,42,1,7993,2000,main,mono_stiffness,gradient_boosting,9.06609676536808,24.959139345618983,0.447018606787435,0.6956807844218031,0.8675635148600782
binding_energy_zscan,upper,monolayer,42,1,7993,2000,main,mono_stiffness_stacking,ridge,14.27941545832029,31.72932758744952,0.1063385088824984,0.2876072883610197,0.6664781813686973
binding_energy_zscan,upper,monolayer,42,1,7993,2000,main,mono_stiffness_stacking,random_forest,8.292577457331529,23.70268331766173,0.5012919997598612,0.7607788199902512,0.9080494811891114
binding_energy_zscan,upper,monolayer,42,1,7993,2000,main,mono_stiffness_stacking,gradient_boosting,8.790045234073572,25.279239954540802,0.4327436951770651,0.7052139937138739,0.8882459160571389
binding_energy_zscan,upper,monolayer,42,2,7995,1998,main,none,mean_arith,16.616642972609046,27.890593159169605,-0.009408928091595214,-0.3048550132454422,
binding_energy_zscan,upper,monolayer,42,2,7995,1998,main,none,mean_geom,13.647364981594501,28.29105160819805,-0.038603596760217185,-0.0023916796107539273,
binding_energy_zscan,upper,monolayer,42,2,7995,1998,main,mono_basic,ridge,11.845251396400327,25.623861656823337,0.14799763127401333,0.3370716395338811,0.6895652505911144
binding_energy_zscan,upper,monolayer,42,2,7995,1998,main,mono_basic,random_forest,6.5331900623011725,16.309096302812158,0.6548471731016289,0.7053270193104648,0.8474227216052613
binding_energy_zscan,upper,monolayer,42,2,7995,1998,main,mono_basic,gradient_boosting,6.790317511706891,17.76236425250845,0.5905949605800289,0.6790005350980556,0.8368769898443928
binding_energy_zscan,upper,monolayer,42,2,7995,1998,main,mono_stiffness,ridge,12.111991820458957,25.686600991796606,0.14382031380784077,0.3195941956102897,0.6827594183010982
binding_energy_zscan,upper,monolayer,42,2,7995,1998,main,mono_stiffness,random_forest,6.590060599233355,16.088512268328554,0.6641205662032542,0.7123632241209603,0.8475987965705719
binding_energy_zscan,upper,monolayer,42,2,7995,1998,main,mono_stiffness,gradient_boosting,6.691905376062804,17.704525269550814,0.5932568829762219,0.7160468555734993,0.8527231376743146
binding_energy_zscan,upper,monolayer,42,2,7995,1998,main,mono_stiffness_stacking,ridge,12.05807368358246,25.579335964250074,0.1509560483947161,0.32430383328990586,0.6868029660154008
binding_energy_zscan,upper,monolayer,42,2,7995,1998,main,mono_stiffness_stacking,random_forest,6.002147852779872,16.14847696159871,0.6616121376767237,0.7439353926936133,0.8730216661949836
binding_energy_zscan,upper,monolayer,42,2,7995,1998,main,mono_stiffness_stacking,gradient_boosting,6.438792417342278,16.931265219174296,0.6280106845929891,0.7497249521738373,0.8784308571808008
binding_energy_zscan,upper,monolayer,42,3,7994,1999,main,none,mean_arith,16.958083099718284,26.906240504197907,-0.00674688929888112,-0.271946058339932,
binding_energy_zscan,upper,monolayer,42,3,7994,1999,main,none,mean_geom,13.999049396200894,27.460364109435304,-0.048641013744779915,-0.0005726207638163672,
binding_energy_zscan,upper,monolayer,42,3,7994,1999,main,mono_basic,ridge,13.630488226220868,24.24749163998098,0.1823868021663172,0.14924507520868002,0.4965289988682303
binding_energy_zscan,upper,monolayer,42,3,7994,1999,main,mono_basic,random_forest,10.3917795832676,22.918561866771718,0.26955254335564116,0.3750360693472924,0.7425891619650763
binding_energy_zscan,upper,monolayer,42,3,7994,1999,main,mono_basic,gradient_boosting,10.769072470517498,22.72192625291621,0.2820328919343412,0.35130788028605375,0.7055893782103707
binding_energy_zscan,upper,monolayer,42,3,7994,1999,main,mono_stiffness,ridge,13.707313878904854,24.242161295478454,0.18274623571516846,0.1432609190939551,0.46834153371123516
binding_energy_zscan,upper,monolayer,42,3,7994,1999,main,mono_stiffness,random_forest,10.312049024712678,22.25805398422123,0.31104851676023915,0.3641585279208528,0.7296532203216223
binding_energy_zscan,upper,monolayer,42,3,7994,1999,main,mono_stiffness,gradient_boosting,11.103750186463483,24.614872264742633,0.15742333070941072,0.30276682367225194,0.7178618807131049
binding_energy_zscan,upper,monolayer,42,3,7994,1999,main,mono_stiffness_stacking,ridge,13.704943536791518,24.235537185508342,0.18319279979158876,0.1459506109895512,0.47026465153481817
binding_energy_zscan,upper,monolayer,42,3,7994,1999,main,mono_stiffness_stacking,random_forest,9.881774106252706,21.994938320235498,0.3272406326106513,0.3793443337779079,0.7364310861753366
binding_energy_zscan,upper,monolayer,42,3,7994,1999,main,mono_stiffness_stacking,gradient_boosting,10.123365445003907,23.623637721792907,0.22391765381962092,0.3670032412194587,0.7608508183700173
binding_energy_zscan,upper,monolayer,42,4,7995,1998,main,none,mean_arith,21.165986786322073,42.60775878432664,-0.007725489082913484,-0.12491835383513705,
binding_energy_zscan,upper,monolayer,42,4,7995,1998,main,none,mean_geom,18.789874393860426,43.805915502150846,-0.06519810454745434,-0.001229258599327876,
binding_energy_zscan,upper,monolayer,42,4,7995,1998,main,mono_basic,ridge,18.671150692373082,55.78027231035158,-0.7271343549123206,0.2511509649662691,0.6431817924914506
binding_energy_zscan,upper,monolayer,42,4,7995,1998,main,mono_basic,random_forest,9.712343869290741,27.93564764207964,0.5668060813613542,0.7319146842648313,0.8773435703974944
binding_energy_zscan,upper,monolayer,42,4,7995,1998,main,mono_basic,gradient_boosting,9.663897226734788,27.89749333948175,0.5679885794377675,0.7302633456249231,0.868730751493113
binding_energy_zscan,upper,monolayer,42,4,7995,1998,main,mono_stiffness,ridge,18.409340935782552,49.80414403021649,-0.376879150213266,0.24424648266525062,0.643009601408658
binding_energy_zscan,upper,monolayer,42,4,7995,1998,main,mono_stiffness,random_forest,9.554824212653195,27.378981542101187,0.5838983473397835,0.7444401068078701,0.8860430418815266
binding_energy_zscan,upper,monolayer,42,4,7995,1998,main,mono_stiffness,gradient_boosting,10.591333913771791,30.232160293975117,0.4926551854328888,0.714190967525206,0.8698309395083159
binding_energy_zscan,upper,monolayer,42,4,7995,1998,main,mono_stiffness_stacking,ridge,18.321027547266013,49.50810638776482,-0.3605593580783688,0.24831822762706268,0.645720957334388
binding_energy_zscan,upper,monolayer,42,4,7995,1998,main,mono_stiffness_stacking,random_forest,8.977977051115802,27.28127791784656,0.5868628184715433,0.7602221034551487,0.90729795618082
binding_energy_zscan,upper,monolayer,42,4,7995,1998,main,mono_stiffness_stacking,gradient_boosting,9.625914680851418,29.023569483422996,0.5324086058529844,0.7620493944533399,0.9071180155541507
binding_energy_zscan,upper,family,42,0,7885,2108,main,none,mean_arith,19.090288279329563,33.880238323052744,-6.968829215914241e-07,-0.21558428708654875,
binding_energy_zscan,upper,family,42,0,7885,2108,main,none,mean_geom,16.229629397023626,34.73792937045431,-0.0512723574318843,-0.0008646383832349169,
binding_energy_zscan,upper,family,42,0,7885,2108,main,mono_basic,ridge,17.942952666163237,37.13397461331052,-0.201296638323458,-0.13235891880727557,0.3591910857387312
binding_energy_zscan,upper,family,42,0,7885,2108,main,mono_basic,random_forest,13.025499228416642,30.913421678030648,0.16746683082916958,0.4253677677081803,0.7849036554400736
binding_energy_zscan,upper,family,42,0,7885,2108,main,mono_basic,gradient_boosting,12.868515335454084,31.56497527812587,0.13200285549214763,0.4116567952765213,0.7720389903051563
binding_energy_zscan,upper,family,42,0,7885,2108,main,mono_stiffness,ridge,18.35384600264828,38.55844450235538,-0.29522852559806223,-0.18586733033974712,0.28467050236025443
binding_energy_zscan,upper,family,42,0,7885,2108,main,mono_stiffness,random_forest,12.830123749949426,30.926291734267714,0.16677347638711226,0.44862214339012807,0.770265101220407
binding_energy_zscan,upper,family,42,0,7885,2108,main,mono_stiffness,gradient_boosting,12.636493325733984,30.770167464470216,0.17516494645656733,0.4600011292015155,0.7769574014626393
binding_energy_zscan,upper,family,42,0,7885,2108,main,mono_stiffness_stacking,ridge,18.230133006191288,38.86631004479684,-0.31599430854510935,-0.1820071052915928,0.3011761692271221
binding_energy_zscan,upper,family,42,0,7885,2108,main,mono_stiffness_stacking,random_forest,12.83671096311808,30.989277442938388,0.16337605607341787,0.44736844991101987,0.7687926967162585
binding_energy_zscan,upper,family,42,0,7885,2108,main,mono_stiffness_stacking,gradient_boosting,12.707111991814505,29.785218928909515,0.2271254926821603,0.485550027877119,0.7678771490821875
binding_energy_zscan,upper,family,42,1,7981,2012,main,none,mean_arith,17.251718563483795,28.86504873727353,-0.00040213016715973104,-0.1883002921585495,
binding_energy_zscan,upper,family,42,1,7981,2012,main,none,mean_geom,14.81405250039126,29.801389786938884,-0.06635805361497082,-0.003021974880423217,
binding_energy_zscan,upper,family,42,1,7981,2012,main,mono_basic,ridge,18.16646750837789,48.2693366227651,-1.7975166374628726,0.13120265927862917,0.6736925240896134
binding_energy_zscan,upper,family,42,1,7981,2012,main,mono_basic,random_forest,13.330632975149802,28.16626742022601,0.04744817334046458,0.2306587707790022,0.695290678861877
binding_energy_zscan,upper,family,42,1,7981,2012,main,mono_basic,gradient_boosting,12.475698744432144,25.469883965780582,0.2210959707586163,0.3471485199822444,0.6728625464420613
binding_energy_zscan,upper,family,42,1,7981,2012,main,mono_stiffness,ridge,19.61907275180064,58.3510927760276,-3.0881611338137063,0.07794373389799669,0.676778202326522
binding_energy_zscan,upper,family,42,1,7981,2012,main,mono_stiffness,random_forest,13.09612326256504,27.429424029704283,0.09663472153601671,0.28109266059607596,0.7159295846596972
binding_energy_zscan,upper,family,42,1,7981,2012,main,mono_stiffness,gradient_boosting,12.61229889877161,25.716801955868178,0.20592058419105663,0.3258712125608969,0.6701051235705269
binding_energy_zscan,upper,family,42,1,7981,2012,main,mono_stiffness_stacking,ridge,19.938550431103685,60.9812605225405,-3.4650138679870564,0.07071372227926298,0.6756669071450923
binding_energy_zscan,upper,family,42,1,7981,2012,main,mono_stiffness_stacking,random_forest,12.631508211494603,26.595654075210913,0.15071907743058566,0.34501694500880453,0.7346395487582389
binding_energy_zscan,upper,family,42,1,7981,2012,main,mono_stiffness_stacking,gradient_boosting,12.461366473436357,25.349692239097248,0.22842988168486977,0.40757580357058387,0.7318716647724557
binding_energy_zscan,upper,family,42,2,7980,2013,main,none,mean_arith,17.07821322065253,27.525024986662697,-0.007862636543891188,-0.29167877289629196,
binding_energy_zscan,upper,family,42,2,7980,2013,main,none,mean_geom,13.931181945319144,27.999518495455227,-0.042910469770579995,-0.0019051408020225313,
binding_energy_zscan,upper,family,42,2,7980,2013,main,mono_basic,ridge,15.236996076328467,26.785958309800524,0.04553440411869569,0.12135218606883147,0.5753380353019142
binding_energy_zscan,upper,family,42,2,7980,2013,main,mono_basic,random_forest,10.537749596548988,24.432685636941045,0.20587601011295253,0.3225591081196668,0.6543600946437088
binding_energy_zscan,upper,family,42,2,7980,2013,main,mono_basic,gradient_boosting,11.082466554504663,26.668278325599143,0.05390257682670763,0.19057568327260654,0.6195865322883048
binding_energy_zscan,upper,family,42,2,7980,2013,main,mono_stiffness,ridge,15.508723807611098,26.742941993064186,0.04859754833362495,0.04642658662632515,0.543877887523745
binding_energy_zscan,upper,family,42,2,7980,2013,main,mono_stiffness,random_forest,10.44168096198829,24.18709351672139,0.22176050143795656,0.38604357651614507,0.6734473326160205
binding_energy_zscan,upper,family,42,2,7980,2013,main,mono_stiffness,gradient_boosting,11.29407611438879,25.415058942903563,0.1407329782658907,0.2788024995876416,0.5620181670643167
binding_energy_zscan,upper,family,42,2,7980,2013,main,mono_stiffness_stacking,ridge,15.355728876877247,26.629764038852162,0.056633308444029806,0.05477287739221259,0.545245244938466
binding_energy_zscan,upper,family,42,2,7980,2013,main,mono_stiffness_stacking,random_forest,10.161574447625986,23.739155804733695,0.25031910525092793,0.41788435173530425,0.7083200804447298
binding_energy_zscan,upper,family,42,2,7980,2013,main,mono_stiffness_stacking,gradient_boosting,11.3365611162465,24.61498677911327,0.1939813046156691,0.2811720712239488,0.546807242497484
binding_energy_zscan,upper,family,42,3,8064,1929,main,none,mean_arith,17.564638729867884,31.142496661384172,-0.0038152379912248513,-0.2918590864989936,
binding_energy_zscan,upper,family,42,3,8064,1929,main,none,mean_geom,14.358752753554882,31.66279117714582,-0.037636700964505776,-0.0036159892015454886,
binding_energy_zscan,upper,family,42,3,8064,1929,main,mono_basic,ridge,21.911660526607328,49.90995103000679,-1.5782273932255486,-0.40373591979964396,0.49759892278964385
binding_energy_zscan,upper,family,42,3,8064,1929,main,mono_basic,random_forest,10.599209953684504,23.711236803944992,0.41809063502603194,0.47638757261087905,0.737742018332015
binding_energy_zscan,upper,family,42,3,8064,1929,main,mono_basic,gradient_boosting,10.269647361664472,22.81173726680545,0.4614033437827314,0.48714107800137785,0.7490074527670646
binding_energy_zscan,upper,family,42,3,8064,1929,main,mono_stiffness,ridge,21.630792108392445,51.81698835567782,-1.7790174037833717,-0.3737175259554253,0.5238866566985861
binding_energy_zscan,upper,family,42,3,8064,1929,main,mono_stiffness,random_forest,10.570472256162875,23.415088182484276,0.43253572396422335,0.47709244178558374,0.7299225776755708
binding_energy_zscan,upper,family,42,3,8064,1929,main,mono_stiffness,gradient_boosting,10.64194574673485,22.240115712037962,0.48805769929119824,0.4449848801536399,0.6955963819037052
binding_energy_zscan,upper,family,42,3,8064,1929,main,mono_stiffness_stacking,ridge,21.71501541471477,52.16608335972933,-1.81658844293481,-0.39039078768036006,0.5149420888058988
binding_energy_zscan,upper,family,42,3,8064,1929,main,mono_stiffness_stacking,random_forest,10.47497622711735,23.467415611354436,0.42999658117407946,0.4903900482765251,0.7562216489153631
binding_energy_zscan,upper,family,42,3,8064,1929,main,mono_stiffness_stacking,gradient_boosting,10.343820988388924,22.936014994801525,0.4555188379653512,0.4893981440601367,0.7622128033330925
binding_energy_zscan,upper,family,42,4,8062,1931,main,none,mean_arith,21.690988476066124,44.44191883240412,-0.012787639306218956,-0.09768522587155926,
binding_energy_zscan,upper,family,42,4,8062,1931,main,none,mean_geom,19.50876143760266,45.75899675567816,-0.07370698143261034,-0.005110065558108445,
binding_energy_zscan,upper,family,42,4,8062,1931,main,mono_basic,ridge,30.206983636798036,53.55913227547578,-0.4709565794970676,-0.4712882849028457,0.5343535167658646
binding_energy_zscan,upper,family,42,4,8062,1931,main,mono_basic,random_forest,20.118458134377207,43.59996891179587,0.025223281883573923,0.23146408548245534,0.7296817154391865
binding_energy_zscan,upper,family,42,4,8062,1931,main,mono_basic,gradient_boosting,20.278467513260278,42.90263147925233,0.05615506313497054,0.26032729326281623,0.7418954903944937
binding_energy_zscan,upper,family,42,4,8062,1931,main,mono_stiffness,ridge,28.32654001285727,51.61335797988037,-0.3660198782641164,-0.3753964705038235,0.5345547472797961
binding_energy_zscan,upper,family,42,4,8062,1931,main,mono_stiffness,random_forest,19.986984485957414,43.687486445020234,0.02130604631155686,0.2251972404146081,0.7335520087639814
binding_energy_zscan,upper,family,42,4,8062,1931,main,mono_stiffness,gradient_boosting,22.064590744587427,45.73025524489339,-0.07235860094758872,0.11595273545585072,0.7211043566324653
binding_energy_zscan,upper,family,42,4,8062,1931,main,mono_stiffness_stacking,ridge,28.463011682751635,51.830203590956316,-0.3775222365174977,-0.38338940848405656,0.5342601906790205
binding_energy_zscan,upper,family,42,4,8062,1931,main,mono_stiffness_stacking,random_forest,20.06222060231466,43.97214077533587,0.008510754263048259,0.20758928982711777,0.7299596824772875
binding_energy_zscan,upper,family,42,4,8062,1931,main,mono_stiffness_stacking,gradient_boosting,22.750949313008594,47.70444655584521,-0.16694533465862715,0.06819688311659045,0.7233468123577066
distance,upper,random,42,0,8151,2038,main,none,mean_arith,0.42915057461190476,0.5811234833452984,-3.309236195958576e-06,-0.009309697371428838,
distance,upper,random,42,0,8151,2038,main,none,mean_geom,0.4390092885187494,0.5845734448052768,-0.011912012703606534,-0.00044460852731842415,
distance,upper,random,42,0,8151,2038,main,mono_basic,ridge,0.2872373191907693,0.39082924355009824,0.5476873959870949,0.496786451352891,0.7169465567912771
distance,upper,random,42,0,8151,2038,main,mono_basic,random_forest,0.25578830841008066,0.33556152083366386,0.666566759033828,0.721524085092424,0.7507278668791171
distance,upper,random,42,0,8151,2038,main,mono_basic,gradient_boosting,0.2526895645874899,0.332949806975101,0.6717368591132469,0.7264978184588928,0.7585077975881052
distance,upper,random,42,0,8151,2038,main,mono_stiffness,ridge,0.2878873532705587,0.390108689884676,0.5493536738948868,0.5044478334804698,0.7122241134149653
distance,upper,random,42,0,8151,2038,main,mono_stiffness,random_forest,0.2557610416294661,0.3354277904487449,0.6668324704917692,0.7233071899273078,0.7508675173226265
distance,upper,random,42,0,8151,2038,main,mono_stiffness,gradient_boosting,0.2535986908912584,0.33389940063649715,0.6698617349418112,0.728086208598461,0.7551180518076679
distance,upper,random,42,0,8151,2038,main,mono_stiffness_stacking,ridge,0.2860319340724457,0.3872543685280506,0.5559240669548967,0.5105436288258491,0.718099599151917
distance,upper,random,42,0,8151,2038,main,mono_stiffness_stacking,random_forest,0.1695364143819258,0.24045752326844966,0.8287851913726082,0.8282596828173073,0.886836350142095
distance,upper,random,42,0,8151,2038,main,mono_stiffness_stacking,gradient_boosting,0.15190994884458198,0.22178974415593508,0.8543375851532273,0.8425367787781882,0.9100806525283516
distance,upper,random,42,1,8151,2038,main,none,mean_arith,0.4182168718874057,0.5397494020066955,-0.0013826827053975421,-0.0032237550902829426,
distance,upper,random,42,1,8151,2038,main,none,mean_geom,0.42893020934863857,0.5464905047609012,-0.026552058099200915,-0.0018790318655490523,
distance,upper,random,42,1,8151,2038,main,mono_basic,ridge,0.2795444916329641,0.36556552413689253,0.5406473778273253,0.4649983944396877,0.7190651193626754
distance,upper,random,42,1,8151,2038,main,mono_basic,random_forest,0.2516445304811092,0.3212863227632695,0.645186436863504,0.7001356312634703,0.7626075224761769
distance,upper,random,42,1,8151,2038,main,mono_basic,gradient_boosting,0.24732261514923426,0.315714408022816,0.6573864452708542,0.7052454814341985,0.771996233394898
distance,upper,random,42,1,8151,2038,main,mono_stiffness,ridge,0.2801307531368187,0.36715945606691236,0.5366329236462823,0.46633289799711675,0.7183716091400948
distance,upper,random,42,1,8151,2038,main,mono_stiffness,random_forest,0.2516964780309422,0.321282826892339,0.6451941581736564,0.6994135936180228,0.7628966909374123
distance,upper,random,42,1,8151,2038,main,mono_stiffness,gradient_boosting,0.248671607177389,0.31771106346165057,0.6530391975759359,0.7022418038398826,0.7694730836732463
distance,upper,random,42,1,8151,2038,main,mono_stiffness_stacking,ridge,0.2792249714019622,0.36489634825933087,0.5423275491440778,0.4714126349649226,0.7228926496736959
distance,upper,random,42,1,8151,2038,main,mono_stiffness_stacking,random_forest,0.16678598149062268,0.22530709917461147,0.8255120303694117,0.8423536769698929,0.8911514975960332
distance,upper,random,42,1,8151,2038,main,mono_stiffness_stacking,gradient_boosting,0.14597341045340823,0.20051358386052276,0.8618014979258297,0.8314981732493365,0.9184421331503508
distance,upper,random,42,2,8151,2038,main,none,mean_arith,0.41662817590343293,0.5485042522338834,-1.328874308814676e-06,-0.008152017598125116,
distance,upper,random,42,2,8151,2038,main,none,mean_geom,0.42623258225900995,0.5526911753648998,-0.015326310647886254,-0.00010694506003483539,
distance,upper,random,42,2,8151,2038,main,mono_basic,ridge,0.28512884737738914,0.3776702816322693,0.5259040952894158,0.5492621560246923,0.6929762105956505
distance,upper,random,42,2,8151,2038,main,mono_basic,random_forest,0.2522407991061708,0.3312017685477501,0.6353922682412327,0.6286306637939655,0.7495858288312809
distance,upper,random,42,2,8151,2038,main,mono_basic,gradient_boosting,0.2483604147384358,0.32663853688814687,0.6453700402351173,0.6412762961789714,0.759406894388589
distance,upper,random,42,2,8151,2038,main,mono_stiffness,ridge,0.28361131256854455,0.3737068040066876,0.5358027217762475,0.5611270341598653,0.6973686967036229
distance,upper,random,42,2,8151,2038,main,mono_stiffness,random_forest,0.25230572290106784,0.3310778499734186,0.6356650519173923,0.6287395995449806,0.749913126587441
distance,upper,random,42,2,8151,2038,main,mono_stiffness,gradient_boosting,0.24917106952423657,0.32801349253746553,0.6423781904277713,0.6404675384356753,0.7563725866068842
distance,upper,random,42,2,8151,2038,main,mono_stiffness_stacking,ridge,0.28184274511039953,0.3713522030545703,0.5416337959276158,0.5631212833908371,0.7052584152532911
distance,upper,random,42,2,8151,2038,main,mono_stiffness_stacking,random_forest,0.16833336316873493,0.23617276556383873,0.8146040639696799,0.8086532417697161,0.8762237209892331
distance,upper,random,42,2,8151,2038,main,mono_stiffness_stacking,gradient_boosting,0.1509955296849432,0.22010244281430377,0.8389761134273515,0.8151528998668733,0.9007282756041275
distance,upper,random,42,3,8151,2038,main,none,mean_arith,0.40513589790451965,0.5430633371353549,-0.004257202415156591,-0.020337334465380996,
distance,upper,random,42,3,8151,2038,main,none,mean_geom,0.4116007225040305,0.5428234632690292,-0.003370227216621391,-0.0021143701842452067,
distance,upper,random,42,3,8151,2038,main,mono_basic,ridge,0.27140400922821156,0.35253853018626047,0.5767887867719114,0.6441422052386854,0.7402904615945152
distance,upper,random,42,3,8151,2038,main,mono_basic,random_forest,0.248894939290396,0.31976222690504613,0.6518244208603721,0.7369992351128964,0.7634931452983854
distance,upper,random,42,3,8151,2038,main,mono_basic,gradient_boosting,0.24607330121497692,0.31497120036245396,0.6621797506438031,0.744824088993979,0.7703460603750123
distance,upper,random,42,3,8151,2038,main,mono_stiffness,ridge,0.26965544964698,0.35037443955211617,0.5819686821640517,0.6503982747731547,0.7394547421671831
distance,upper,random,42,3,8151,2038,main,mono_stiffness,random_forest,0.24897659976181272,0.31980509876311536,0.6517310518917183,0.7368754103284751,0.7633507380930789
distance,upper,random,42,3,8151,2038,main,mono_stiffness,gradient_boosting,0.245948375211538,0.3152574197631928,0.6615655062848331,0.7444221388992837,0.7698058806924378
distance,upper,random,42,3,8151,2038,main,mono_stiffness_stacking,ridge,0.26801900800350653,0.3482154389475938,0.5871046115038925,0.6558515716565831,0.7453327593885485
distance,upper,random,42,3,8151,2038,main,mono_stiffness_stacking,random_forest,0.16491245144615888,0.222913174111776,0.8307941168932953,0.837771170729152,0.8866965209676734
distance,upper,random,42,3,8151,2038,main,mono_stiffness_stacking,gradient_boosting,0.14597204737470623,0.2043298547480108,0.8578301060032851,0.8771322141492628,0.9093072329072744
distance,upper,random,42,4,8152,2037,main,none,mean_arith,0.40850899171462063,0.5412978681225693,-0.0006332686788348418,-0.004371379754624982,
distance,upper,random,42,4,8152,2037,main,none,mean_geom,0.42051383024212047,0.5469299131946848,-0.021564184701988953,-0.0002557197682058199,
distance,upper,random,42,4,8152,2037,main,mono_basic,ridge,0.2741868026149572,0.36671664408707294,0.540734790216484,0.49860344709089,0.7050658381781044
distance,upper,random,42,4,8152,2037,main,mono_basic,random_forest,0.2469045657837625,0.3169112715488747,0.6570129864900017,0.6027302706703683,0.7600149593016767
distance,upper,random,42,4,8152,2037,main,mono_basic,gradient_boosting,0.24293609750989814,0.311612903308612,0.6683857610445485,0.6064907301032761,0.7700804019173821
distance,upper,random,42,4,8152,2037,main,mono_stiffness,ridge,0.2770018142824434,0.36758222187185063,0.5385641828932848,0.49533669678579173,0.7009601496522415
distance,upper,random,42,4,8152,2037,main,mono_stiffness,random_forest,0.2466740982738197,0.3164883925729599,0.6579277234508893,0.6028948741108087,0.7604126515759736
distance,upper,random,42,4,8152,2037,main,mono_stiffness,gradient_boosting,0.24330955068344337,0.31269437591875987,0.6660799897496967,0.6056472220773816,0.7681520123618868
distance,upper,random,42,4,8152,2037,main,mono_stiffness_stacking,ridge,0.2759599918910134,0.3661418887915729,0.5421732755388583,0.4984259199477755,0.7071389276649273
distance,upper,random,42,4,8152,2037,main,mono_stiffness_stacking,random_forest,0.16694028836400418,0.2294773259134297,0.820161833724056,0.6784570073190987,0.882839991101081
distance,upper,random,42,4,8152,2037,main,mono_stiffness_stacking,gradient_boosting,0.1498419054547543,0.211988046650571,0.8465294494943825,0.6884188110066898,0.9052196012376927
distance,upper,monolayer,42,0,8151,2038,main,none,mean_arith,0.4069218899242015,0.5324192673255186,-0.00011923026607307818,-0.006290560344085261,
distance,upper,monolayer,42,0,8151,2038,main,none,mean_geom,0.41752860622364263,0.5374366609180116,-0.01905782363679931,-0.0004452764665061615,
distance,upper,monolayer,42,0,8151,2038,main,mono_basic,ridge,0.2953190212170604,0.39028764281991213,0.4625799648073341,0.5142194060509115,0.6493766364761379
distance,upper,monolayer,42,0,8151,2038,main,mono_basic,random_forest,0.2875067280688026,0.37424084336753394,0.5058638611017737,0.5292883144397131,0.7226659476453824
distance,upper,monolayer,42,0,8151,2038,main,mono_basic,gradient_boosting,0.28395134319856785,0.37364479912152426,0.5074366047751149,0.5082132710063252,0.7319889830528603
distance,upper,monolayer,42,0,8151,2038,main,mono_stiffness,ridge,0.30168744587242885,0.39328817994139253,0.4542848140666894,0.518468987109484,0.6447961979207818
distance,upper,monolayer,42,0,8151,2038,main,mono_stiffness,random_forest,0.2833691176522812,0.3666956443341184,0.5255879037907691,0.558060670329372,0.726611101836819
distance,upper,monolayer,42,0,8151,2038,main,mono_stiffness,gradient_boosting,0.2685807980464865,0.3492007198073944,0.5697761210967875,0.6093266303064576,0.7296856574874611
distance,upper,monolayer,42,0,8151,2038,main,mono_stiffness_stacking,ridge,0.3018960653231401,0.3919808757949942,0.45790673840513085,0.5206440796563574,0.6547575152296609
distance,upper,monolayer,42,0,8151,2038,main,mono_stiffness_stacking,random_forest,0.20955429219733313,0.30335326939641877,0.6753304112435665,0.6573938793242431,0.8226516837144489
distance,upper,monolayer,42,0,8151,2038,main,mono_stiffness_stacking,gradient_boosting,0.200267360214072,0.29308471160212735,0.6969386313114714,0.6481160038772442,0.8388685895934229
distance,upper,monolayer,42,1,8151,2038,main,none,mean_arith,0.4216437572607557,0.5675399941796647,-0.00018459438910278791,-0.011337557829678158,
distance,upper,monolayer,42,1,8151,2038,main,none,mean_geom,0.43167679104610673,0.5704325894679475,-0.010405907484193344,-0.0001975521256123436,
distance,upper,monolayer,42,1,8151,2038,main,mono_basic,ridge,0.27510644613054047,0.3718964982787711,0.5705314198814486,0.5810594269507754,0.7382228575313127
distance,upper,monolayer,42,1,8151,2038,main,mono_basic,random_forest,0.32388269757457644,0.45095121145944295,0.3685392892633125,0.40905550438542004,0.6755973569805264
distance,upper,monolayer,42,1,8151,2038,main,mono_basic,gradient_boosting,0.2785087188136097,0.36961869907741396,0.5757761447523333,0.6000354877282066,0.7480555385821385
distance,upper,monolayer,42,1,8151,2038,main,mono_stiffness,ridge,0.2768159919059352,0.3712840324058165,0.5719448145098016,0.5907874948866797,0.7385563726604311
distance,upper,monolayer,42,1,8151,2038,main,mono_stiffness,random_forest,0.3234791354790884,0.45356079467577787,0.3612098170195184,0.3957655101074957,0.6699462529362094
distance,upper,monolayer,42,1,8151,2038,main,mono_stiffness,gradient_boosting,0.27135592592893915,0.35973898906022417,0.5981516051938369,0.6093053415575209,0.7628603565088544
distance,upper,monolayer,42,1,8151,2038,main,mono_stiffness_stacking,ridge,0.2769078119454712,0.3702101268899025,0.5744174552789277,0.5931257171331573,0.7415699522237185
distance,upper,monolayer,42,1,8151,2038,main,mono_stiffness_stacking,random_forest,0.2623576778560936,0.4292268154460499,0.4279145393043725,0.4190881374462282,0.7573672953231108
distance,upper,monolayer,42,1,8151,2038,main,mono_stiffness_stacking,gradient_boosting,0.21239103349599506,0.32946307287790294,0.6629450515240851,0.6344061532135992,0.8196453564316889
distance,upper,monolayer,42,2,8152,2037,main,none,mean_arith,0.41092510625964407,0.5368244233534754,-7.73650361722833e-05,-0.00664091689192059,
distance,upper,monolayer,42,2,8152,2037,main,none,mean_geom,0.42061409299121844,0.5417445618528154,-0.0184933232667861,-0.0006358909878649843,
distance,upper,monolayer,42,2,8152,2037,main,mono_basic,ridge,0.2972900814190919,0.390161391333418,0.4717279323750495,0.5616803621590114,0.6807830236777448
distance,upper,monolayer,42,2,8152,2037,main,mono_basic,random_forest,0.2575837782260535,0.340201557633906,0.5983556511241179,0.6711106328802361,0.742626543826158
distance,upper,monolayer,42,2,8152,2037,main,mono_basic,gradient_boosting,0.2552493081014547,0.3317110589522773,0.6181533657684225,0.6664820800839953,0.7529430521957613
distance,upper,monolayer,42,2,8152,2037,main,mono_stiffness,ridge,0.3067192742501654,0.398825468251953,0.44800539525855954,0.547888610670243,0.6686007177491491
distance,upper,monolayer,42,2,8152,2037,main,mono_stiffness,random_forest,0.2574930263402163,0.33931585624110183,0.6004442593485007,0.6726296762590789,0.7472702353914361
distance,upper,monolayer,42,2,8152,2037,main,mono_stiffness,gradient_boosting,0.25073902096847467,0.3245959743417837,0.6343586328356852,0.6867115116901514,0.7645699052002058
distance,upper,monolayer,42,2,8152,2037,main,mono_stiffness_stacking,ridge,0.30318635385659776,0.394211483535217,0.4607034922757284,0.5566421892013048,0.6778329737026113
distance,upper,monolayer,42,2,8152,2037,main,mono_stiffness_stacking,random_forest,0.17653872744812749,0.2683556107175991,0.7500860924122568,0.7764516551171208,0.8600321276565389
distance,upper,monolayer,42,2,8152,2037,main,mono_stiffness_stacking,gradient_boosting,0.17231221978788977,0.25586395126663136,0.772811015630892,0.7882510739310841,0.8739094856216855
distance,upper,monolayer,42,3,8151,2038,main,none,mean_arith,0.42196339083971224,0.5714476125546882,-4.377943642519533e-05,-0.008964944278436526,
distance,upper,monolayer,42,3,8151,2038,main,none,mean_geom,0.43056856576810526,0.5742849105029224,-0.009999079456574966,-0.0009604475787228228,
distance,upper,monolayer,42,3,8151,2038,main,mono_basic,ridge,0.3228980959620319,0.48965340500067084,0.2657503886836403,0.28081969936271245,0.6971708582058981
distance,upper,monolayer,42,3,8151,2038,main,mono_basic,random_forest,0.2867645553691539,0.3952261856795973,0.5216369904297689,0.39411231053397777,0.762681935342845
distance,upper,monolayer,42,3,8151,2038,main,mono_basic,gradient_boosting,0.27991541378549606,0.3851111041431423,0.5458092871340379,0.4142893136581627,0.7650137210166202
distance,upper,monolayer,42,3,8151,2038,main,mono_stiffness,ridge,0.31683568044355864,0.47007494646136094,0.3232934533065899,0.2868547720926937,0.7019790104260201
distance,upper,monolayer,42,3,8151,2038,main,mono_stiffness,random_forest,0.2845536259450067,0.39123459295051405,0.5312506659392088,0.40070838979943413,0.7629675560550403
distance,upper,monolayer,42,3,8151,2038,main,mono_stiffness,gradient_boosting,0.279572165857175,0.3829511886501918,0.5508897042623855,0.41647266999082866,0.7660827759586093
distance,upper,monolayer,42,3,8151,2038,main,mono_stiffness_stacking,ridge,0.3164369759309144,0.47093250388682717,0.3208221705367179,0.2902897628836856,0.7056378787122767
distance,upper,monolayer,42,3,8151,2038,main,mono_stiffness_stacking,random_forest,0.20705432023388856,0.32472041871556795,0.6770871228902825,0.46848606078399424,0.8677481582949399
distance,upper,monolayer,42,3,8151,2038,main,mono_stiffness_stacking,gradient_boosting,0.20240692070711364,0.3244063330215166,0.6777114954824305,0.47163648194904917,0.8687798881125454
distance,upper,monolayer,42,4,8151,2038,main,none,mean_arith,0.41574012971281854,0.5448759156201196,-3.0914858841768478e-06,-0.007937065385394293,
distance,upper,monolayer,42,4,8151,2038,main,none,mean_geom,0.42563482713262446,0.5491788191217585,-0.015859571171632503,-0.00019685137914793316,
distance,upper,monolayer,42,4,8151,2038,main,mono_basic,ridge,0.34754705489403626,0.4676303675513448,0.26343423169769,0.30113193923140547,0.6234711604623187
distance,upper,monolayer,42,4,8151,2038,main,mono_basic,random_forest,0.28284657353728615,0.3648775253114417,0.5515641276097862,0.5580625701175032,0.7342961381149711
distance,upper,monolayer,42,4,8151,2038,main,mono_basic,gradient_boosting,0.28226253367475934,0.37540171734251804,0.5253225189340162,0.5252125722747114,0.7392693041686935
distance,upper,monolayer,42,4,8151,2038,main,mono_stiffness,ridge,0.34890325041404474,0.47135856424913375,0.251642830684355,0.2864776489079218,0.6259160825782002
distance,upper,monolayer,42,4,8151,2038,main,mono_stiffness,random_forest,0.29012288262143987,0.3759736849612758,0.5238749657300981,0.5320579054882193,0.7263423555854654
distance,upper,monolayer,42,4,8151,2038,main,mono_stiffness,gradient_boosting,0.28489959239484175,0.382243374660443,0.5078629607020447,0.4971024816741979,0.7464901839803989
distance,upper,monolayer,42,4,8151,2038,main,mono_stiffness_stacking,ridge,0.34941405413410687,0.4726236895371541,0.24762026183939445,0.2832312587234672,0.632903113049359
distance,upper,monolayer,42,4,8151,2038,main,mono_stiffness_stacking,random_forest,0.21214986500078642,0.31721856365904294,0.6610596234150431,0.6204119029071531,0.8328190162381129
distance,upper,monolayer,42,4,8151,2038,main,mono_stiffness_stacking,gradient_boosting,0.20237655385426367,0.31314891961344454,0.6697004710349521,0.6061012657772759,0.8569666121703696
distance,upper,family,42,0,8142,2047,main,none,mean_arith,0.4079299403183674,0.5059779713278119,-3.802177531686546e-05,-0.005826909886730958,
distance,upper,family,42,0,8142,2047,main,none,mean_geom,0.417624862212659,0.5114718099295193,-0.02187246755299177,-0.0036674144150030674,
distance,upper,family,42,0,8142,2047,main,mono_basic,ridge,0.2856639344477436,0.47619330122665104,0.11423226437730871,0.3971527067976707,0.7221605724924978
distance,upper,family,42,0,8142,2047,main,mono_basic,random_forest,0.3825926007400259,0.5197736795981623,-0.05531439239988756,-0.19169393530772671,0.604315500396141
distance,upper,family,42,0,8142,2047,main,mono_basic,gradient_boosting,0.3259122623909551,0.40614568629357384,0.35565719514888505,0.3754453498868042,0.6798421560807562
distance,upper,family,42,0,8142,2047,main,mono_stiffness,ridge,0.2857606653259333,0.47561601502935263,0.11637858411094426,0.3967840553571267,0.7253068223491683
distance,upper,family,42,0,8142,2047,main,mono_stiffness,random_forest,0.38480322698388214,0.5192487908486418,-0.05318406919723673,-0.16715360298363446,0.5884436311043774
distance,upper,family,42,0,8142,2047,main,mono_stiffness,gradient_boosting,0.3393901947731837,0.43227146147156303,0.2700948595820356,0.2614143763844101,0.6234611509912612
distance,upper,family,42,0,8142,2047,main,mono_stiffness_stacking,ridge,0.29115223484988906,0.48266664632479145,0.08998642455489314,0.3805455056869619,0.7239550846554419
distance,upper,family,42,0,8142,2047,main,mono_stiffness_stacking,random_forest,0.35589285089004524,0.5123763823137374,-0.025490164523832348,-0.20366246804553367,0.6185098001998721
distance,upper,family,42,0,8142,2047,main,mono_stiffness_stacking,gradient_boosting,0.28439250280924916,0.3698187399825327,0.46576649400242465,0.4671393315992718,0.7297761945185466
distance,upper,family,42,1,8132,2057,main,none,mean_arith,0.4163176202520881,0.5509233987567098,-0.00022344358575110412,-0.0056410447549204434,
distance,upper,family,42,1,8132,2057,main,none,mean_geom,0.4269121013779302,0.5557229145342044,-0.017726780746976978,-2.054317708788389e-05,
distance,upper,family,42,1,8132,2057,main,mono_basic,ridge,0.4106908060347195,0.5498029334687085,0.003840918168835472,0.12112901381091878,0.4555197766637702
distance,upper,family,42,1,8132,2057,main,mono_basic,random_forest,0.33465390061137257,0.4407292544607674,0.35988448902415326,0.38403096416292215,0.6029430203102324
distance,upper,family,42,1,8132,2057,main,mono_basic,gradient_boosting,0.3423156567456199,0.45952082070648514,0.3041350195392938,0.3390708316039627,0.5831623324629659
distance,upper,family,42,1,8132,2057,main,mono_stiffness,ridge,0.4262100130304454,0.5681771972770344,-0.06385439877876253,0.08965662331450519,0.43265171231683575
distance,upper,family,42,1,8132,2057,main,mono_stiffness,random_forest,0.33879998690237906,0.44486366915221354,0.34781850443797513,0.3667245758688835,0.5910623705923158
distance,upper,family,42,1,8132,2057,main,mono_stiffness,gradient_boosting,0.3397585901883855,0.4584274618748458,0.30744248657399575,0.3278541253115004,0.564138651756212
distance,upper,family,42,1,8132,2057,main,mono_stiffness_stacking,ridge,0.42569111720949687,0.5676535271689109,-0.061894263749189715,0.0869667499321477,0.44163656430742293
distance,upper,family,42,1,8132,2057,main,mono_stiffness_stacking,random_forest,0.3088600075486734,0.43122199866320543,0.38720331165540967,0.38664037811641383,0.6493833000129038
distance,upper,family,42,1,8132,2057,main,mono_stiffness_stacking,gradient_boosting,0.29823766266005086,0.42292004941561673,0.4105714852084317,0.40664122626898347,0.6341137616403506
distance,upper,family,42,2,8147,2042,main,none,mean_arith,0.4100542722129288,0.5589093029395937,-1.9270383844638417e-05,-0.00831834312140578,
distance,upper,family,42,2,8147,2042,main,none,mean_geom,0.41933750193060676,0.5629725224299503,-0.014612220153233046,-8.702880279765068e-06,
distance,upper,family,42,2,8147,2042,main,mono_basic,ridge,0.3736869902868278,0.4892093486343134,0.2338475628283332,0.2671920304214713,0.7047693575815498
distance,upper,family,42,2,8147,2042,main,mono_basic,random_forest,0.2492635056869036,0.36093269271939293,0.5829595935325134,0.5110787727528177,0.8164115677316162
distance,upper,family,42,2,8147,2042,main,mono_basic,gradient_boosting,0.2828497458639169,0.4156585749526882,0.446905702593804,0.1253414244769423,0.8112817492627821
distance,upper,family,42,2,8147,2042,main,mono_stiffness,ridge,0.37449743072538383,0.48803462402770814,0.23752262557521553,0.2684001441158772,0.6991905309797452
distance,upper,family,42,2,8147,2042,main,mono_stiffness,random_forest,0.25287463433649243,0.38309448510507027,0.5301735181207734,0.23963639854371754,0.8187337208343926
distance,upper,family,42,2,8147,2042,main,mono_stiffness,gradient_boosting,0.2858240865570804,0.4188348211518323,0.4384204894774393,0.03591370513939407,0.8126361468024721
distance,upper,family,42,2,8147,2042,main,mono_stiffness_stacking,ridge,0.37517725855234574,0.4857867190061957,0.24453044557559656,0.28203290499303924,0.7044694425244598
distance,upper,family,42,2,8147,2042,main,mono_stiffness_stacking,random_forest,0.2292703912363002,0.348176863976492,0.6119162030970059,0.4861161679033994,0.8377292252065498
distance,upper,family,42,2,8147,2042,main,mono_stiffness_stacking,gradient_boosting,0.24120601059692773,0.3819305540432442,0.5330240677078318,0.18319372591255256,0.8332942421416606
distance,upper,family,42,3,8159,2030,main,none,mean_arith,0.43173167697636133,0.5834629781984835,-7.31594118890122e-05,-0.010402637424359318,
distance,upper,family,42,3,8159,2030,main,none,mean_geom,0.4397280032663752,0.5862391068898071,-0.00961253660206518,-0.0008317025632349484,
distance,upper,family,42,3,8159,2030,main,mono_basic,ridge,0.36363231275607594,0.5027027974949129,0.25761743008678384,0.2136932990605056,0.5144693291838053
distance,upper,family,42,3,8159,2030,main,mono_basic,random_forest,0.33698897640914804,0.4527179489952164,0.3979111433866923,0.3497465079249944,0.6548776546655394
distance,upper,family,42,3,8159,2030,main,mono_basic,gradient_boosting,0.3307873490722671,0.44748275860131087,0.41175563438856244,0.3448499203328039,0.6732517727026103
distance,upper,family,42,3,8159,2030,main,mono_stiffness,ridge,0.36655755085845726,0.5008000468928906,0.2632266909599249,0.22428011777414736,0.5182380786922132
distance,upper,family,42,3,8159,2030,main,mono_stiffness,random_forest,0.3368445319617603,0.45128017442733215,0.40172938572417183,0.35199343823815943,0.6516103252825434
distance,upper,family,42,3,8159,2030,main,mono_stiffness,gradient_boosting,0.32456455548115226,0.44234695376057614,0.42518082863483786,0.3545238342552236,0.6635411405633378
distance,upper,family,42,3,8159,2030,main,mono_stiffness_stacking,ridge,0.36463068263572695,0.49810306453456576,0.271140883907685,0.22773477879950632,0.5212231805675647
distance,upper,family,42,3,8159,2030,main,mono_stiffness_stacking,random_forest,0.30099579921314346,0.4235730315906813,0.4729379277681365,0.3653616506811096,0.725504220049878
distance,upper,family,42,3,8159,2030,main,mono_stiffness_stacking,gradient_boosting,0.27644948070411707,0.4113471007299053,0.5029248595287871,0.34092830821630415,0.7671385150020458
distance,upper,family,42,4,8176,2013,main,none,mean_arith,0.4112056585897582,0.5524874008163124,-0.0002646283329545973,-0.011217956633590376,
distance,upper,family,42,4,8176,2013,main,none,mean_geom,0.4224115663209736,0.5553518497243478,-0.010663542237502543,-0.00016405648430350972,
distance,upper,family,42,4,8176,2013,main,mono_basic,ridge,0.3603793602661496,0.4842536425336193,0.23154941333922097,0.35892299170735653,0.6331222823616456
distance,upper,family,42,4,8176,2013,main,mono_basic,random_forest,0.32267365757463123,0.4346626069084628,0.38088016922611634,0.30736685730414903,0.699320098774669
distance,upper,family,42,4,8176,2013,main,mono_basic,gradient_boosting,0.3112747876292947,0.425461462041288,0.4068143852126611,0.4302972036844346,0.702074471478403
distance,upper,family,42,4,8176,2013,main,mono_stiffness,ridge,0.3369375621482093,0.4466141877606154,0.34636517201263695,0.43994786670090236,0.651169411712067
distance,upper,family,42,4,8176,2013,main,mono_stiffness,random_forest,0.3220370135203331,0.43521884380706594,0.379294582435186,0.30875977560196866,0.698122318304571
distance,upper,family,42,4,8176,2013,main,mono_stiffness,gradient_boosting,0.3102907035063334,0.41647479909676655,0.431608455150158,0.4735597574176792,0.7031439137815045
distance,upper,family,42,4,8176,2013,main,mono_stiffness_stacking,ridge,0.34542280917863133,0.4528432312843102,0.32800519521836924,0.42968024457681575,0.6454773454087092
distance,upper,family,42,4,8176,2013,main,mono_stiffness_stacking,random_forest,0.2946377249321749,0.41478533848889276,0.4362105459065161,0.38328278088759826,0.723132301030514
distance,upper,family,42,4,8176,2013,main,mono_stiffness_stacking,gradient_boosting,0.27011513613947535,0.37733786569414324,0.5334148294693126,0.5579545819813009,0.7565187201832027
binding_energy_gs,upper,random,42,0,7792,1948,main,none,mean_arith,6.047875026749921,8.437747548739415,-0.00152714119842412,-0.07383010272963597,
binding_energy_gs,upper,random,42,0,7792,1948,main,none,mean_geom,5.734164581202716,8.54715496293998,-0.02766797767753082,-0.0006375523682511375,
binding_energy_gs,upper,random,42,0,7792,1948,main,mono_stiffness,ridge,2.959872475318984,5.085343025514591,0.6362104880136898,0.6905238634045863,0.834049759223198
binding_energy_gs,upper,random,42,0,7792,1948,main,mono_stiffness,random_forest,2.337630275541096,3.2595483153402163,0.8505401597079386,0.794139146984075,0.8723018503802068
binding_energy_gs,upper,random,42,0,7792,1948,main,mono_stiffness,gradient_boosting,2.307195899433153,3.187303962236548,0.8570919696955377,0.7966363361043315,0.8736484876901499
binding_energy_gs,upper,random,42,1,7792,1948,main,none,mean_arith,6.339784525440211,9.236540978288927,-0.001044229001111896,-0.039922540290112885,
binding_energy_gs,upper,random,42,1,7792,1948,main,none,mean_geom,6.154437560576293,9.44133738825358,-0.04592749234047022,-0.0008255772078620272,
binding_energy_gs,upper,random,42,1,7792,1948,main,mono_stiffness,ridge,3.189890425300757,5.873728109753565,0.595179755721307,0.6876315047690837,0.8419026925501369
binding_energy_gs,upper,random,42,1,7792,1948,main,mono_stiffness,random_forest,2.4384225401121915,3.3204185226824596,0.8706339852906233,0.8139596340346231,0.889680974508199
binding_energy_gs,upper,random,42,1,7792,1948,main,mono_stiffness,gradient_boosting,2.4179529068158545,3.2048232532340473,0.8794845547179103,0.8161296997221378,0.8914108448406722
binding_energy_gs,upper,random,42,2,7792,1948,main,none,mean_arith,6.18131884664956,8.83294503171916,-8.408721230424021e-08,-0.05452109065214117,
binding_energy_gs,upper,random,42,2,7792,1948,main,none,mean_geom,5.947577382499754,8.994760620540724,-0.036974795567745966,-4.246650235906202e-07,
binding_energy_gs,upper,random,42,2,7792,1948,main,mono_stiffness,ridge,3.209502221696119,6.995909786299958,0.37269697473563324,0.6793245756933599,0.8323470446149736
binding_energy_gs,upper,random,42,2,7792,1948,main,mono_stiffness,random_forest,2.436017485595667,3.150760803817374,0.8727611166263386,0.7868062128252156,0.8746460401143891
binding_energy_gs,upper,random,42,2,7792,1948,main,mono_stiffness,gradient_boosting,2.4013394347347705,3.0604921218644145,0.8799474158506404,0.7919082241566496,0.8767887068871882
binding_energy_gs,upper,random,42,3,7792,1948,main,none,mean_arith,6.249289786025122,9.07767159338066,-6.963702533635541e-05,-0.05065990795549857,
binding_energy_gs,upper,random,42,3,7792,1948,main,none,mean_geom,6.004058067622801,9.249374473400891,-0.038259786579846855,-0.00012587136963637668,
binding_energy_gs,upper,random,42,3,7792,1948,main,mono_stiffness,ridge,3.1106835164360933,5.406483814738904,0.6452592154186054,0.6883258149613887,0.8349382240339736
binding_energy_gs,upper,random,42,3,7792,1948,main,mono_stiffness,random_forest,2.3625507415578926,3.149012827357424,0.8796544136407617,0.8119824030361815,0.8833051342230404
binding_energy_gs,upper,random,42,3,7792,1948,main,mono_stiffness,gradient_boosting,2.317707041927726,3.076389870066239,0.8851412585833238,0.8135842116960095,0.8848502330090623
binding_energy_gs,upper,random,42,4,7792,1948,main,none,mean_arith,6.313683425422937,9.038755515311006,-2.1615076190917293e-05,-0.059037552457304576,
binding_energy_gs,upper,random,42,4,7792,1948,main,none,mean_geom,6.065173045053984,9.186795002709344,-0.03304718615477409,-0.0002633980895896393,
binding_energy_gs,upper,random,42,4,7792,1948,main,mono_stiffness,ridge,2.884505854231966,4.611844203931045,0.7396597225034024,0.7216455155447412,0.8541912491366933
binding_energy_gs,upper,random,42,4,7792,1948,main,mono_stiffness,random_forest,2.2754688954636757,2.8280992285603785,0.9021002923752619,0.8153910725303525,0.8917119168518632
binding_energy_gs,upper,random,42,4,7792,1948,main,mono_stiffness,gradient_boosting,2.260097136271619,2.8203410523547734,0.9026366819011497,0.8163294100208921,0.8924928867969049
binding_energy_gs,upper,monolayer,42,0,7791,1949,main,none,mean_arith,6.223612042909658,9.0631201448609,-3.8665279527450025e-05,-0.05174305368844445,
binding_energy_gs,upper,monolayer,42,0,7791,1949,main,none,mean_geom,6.003852318672286,9.2319010530183,-0.03763258015464044,-9.730845982436342e-05,
binding_energy_gs,upper,monolayer,42,0,7791,1949,main,mono_stiffness,ridge,3.706297278192254,6.429603201612744,0.4966968361316829,0.5714402782469221,0.7415529654645262
binding_energy_gs,upper,monolayer,42,0,7791,1949,main,mono_stiffness,random_forest,3.069479688375063,4.936233644252062,0.7033442757832391,0.6686842833342119,0.8115471649161423
binding_energy_gs,upper,monolayer,42,0,7791,1949,main,mono_stiffness,gradient_boosting,3.0059774399384045,4.472933276405177,0.7564174588713254,0.6877201792527672,0.8177322054265556
binding_energy_gs,upper,monolayer,42,1,7791,1949,main,none,mean_arith,6.1023493930473025,8.59874355513394,-0.0002133672301818379,-0.05978693262706214,
binding_energy_gs,upper,monolayer,42,1,7791,1949,main,none,mean_geom,5.847829192765804,8.745215961429073,-0.034579188566783436,-7.121087230999024e-08,
binding_energy_gs,upper,monolayer,42,1,7791,1949,main,mono_stiffness,ridge,3.024164311253517,4.557775086390075,0.7189856868908477,0.6874691265285857,0.823934710599427
binding_energy_gs,upper,monolayer,42,1,7791,1949,main,mono_stiffness,random_forest,2.8131374862745844,4.0791436941478665,0.7749076843653664,0.7079413066929254,0.8352985469356605
binding_energy_gs,upper,monolayer,42,1,7791,1949,main,mono_stiffness,gradient_boosting,2.76707522634115,4.051227832457584,0.7779780075353986,0.7093261935422663,0.8332228799280839
binding_energy_gs,upper,monolayer,42,2,7792,1948,main,none,mean_arith,6.350627965615244,9.020256396056888,-0.00019267354024155026,-0.04935313289657506,
binding_energy_gs,upper,monolayer,42,2,7792,1948,main,none,mean_geom,6.0974093304189605,9.19895627285494,-0.04021476340248986,-4.080994826227702e-05,
binding_energy_gs,upper,monolayer,42,2,7792,1948,main,mono_stiffness,ridge,3.2845577515548205,5.530042303166883,0.6240736123926127,0.6827454459740236,0.8338109256306686
binding_energy_gs,upper,monolayer,42,2,7792,1948,main,mono_stiffness,random_forest,2.97270523495038,4.5796602153295325,0.7421824848048956,0.7351890722053214,0.855858398314147
binding_energy_gs,upper,monolayer,42,2,7792,1948,main,mono_stiffness,gradient_boosting,3.0002336246966776,4.6773071088141736,0.7310709751898647,0.7369626428725007,0.8577729413001627
binding_energy_gs,upper,monolayer,42,3,7794,1946,main,none,mean_arith,6.339747575822194,9.736330539964765,-0.0004731054827777914,-0.04689640588760935,
binding_energy_gs,upper,monolayer,42,3,7794,1946,main,none,mean_geom,6.098817037183362,9.915263872480171,-0.03758420676692764,-0.00017001905642421988,
binding_energy_gs,upper,monolayer,42,3,7794,1946,main,mono_stiffness,ridge,3.7161861217651913,7.742221741991849,0.3673754943159706,0.5327506573119085,0.7783409661081334
binding_energy_gs,upper,monolayer,42,3,7794,1946,main,mono_stiffness,random_forest,3.276025484869913,7.266459998125993,0.4427365312555934,0.6048038129222755,0.8181792867142594
binding_energy_gs,upper,monolayer,42,3,7794,1946,main,mono_stiffness,gradient_boosting,3.3180825923642745,7.280437391985133,0.4405906218752018,0.5842975295659645,0.8104093376327663
binding_energy_gs,upper,monolayer,42,4,7792,1948,main,none,mean_arith,6.1123989494945095,8.148094010743684,-0.0010789216430251436,-0.0680331046248932,
binding_energy_gs,upper,monolayer,42,4,7792,1948,main,none,mean_geom,5.855280153028635,8.270992759797382,-0.031505471906297045,-0.0008244090747948629,
binding_energy_gs,upper,monolayer,42,4,7792,1948,main,mono_stiffness,ridge,3.323027682619421,6.103468189521542,0.4382932721231294,0.6623945618965255,0.8393299549404093
binding_energy_gs,upper,monolayer,42,4,7792,1948,main,mono_stiffness,random_forest,2.6422400369775225,3.852122279530469,0.7762534311375427,0.6999144892903919,0.8442661067635054
binding_energy_gs,upper,monolayer,42,4,7792,1948,main,mono_stiffness,gradient_boosting,2.7406928119987786,3.952477593281534,0.7644435025805874,0.684201886495627,0.8395674542485894
binding_energy_gs,upper,family,42,0,7715,2025,main,none,mean_arith,6.744722036137545,10.817430948212973,-0.00878125254970552,-0.018680979115216934,
binding_energy_gs,upper,family,42,0,7715,2025,main,none,mean_geom,6.630483340661296,11.081524379429819,-0.058638665101633514,-0.005117324215553332,
binding_energy_gs,upper,family,42,0,7715,2025,main,mono_stiffness,ridge,3.8931378588856447,7.7429441419330844,0.4831541995028009,0.593617413272296,0.7961844702509084
binding_energy_gs,upper,family,42,0,7715,2025,main,mono_stiffness,random_forest,4.303846698849089,8.027416126862692,0.4444792409238927,0.5223542842354835,0.7386892991763302
binding_energy_gs,upper,family,42,0,7715,2025,main,mono_stiffness,gradient_boosting,4.087426986075157,7.733141251965129,0.4844620677161199,0.5542763643651191,0.7553282741394234
binding_energy_gs,upper,family,42,1,7824,1916,main,none,mean_arith,6.081887275922812,8.159040467657572,-0.001314178122328924,-0.07054834063409743,
binding_energy_gs,upper,family,42,1,7824,1916,main,none,mean_geom,5.7744736338215334,8.279730909943142,-0.03115662473737779,-0.00031038284578954745,
binding_energy_gs,upper,family,42,1,7824,1916,main,mono_stiffness,ridge,3.8031437487434023,6.305863316637113,0.4018896783988192,0.4777804664727566,0.7286838827318048
binding_energy_gs,upper,family,42,1,7824,1916,main,mono_stiffness,random_forest,3.2880544304750994,5.102220263608261,0.6084289300868897,0.5971681465284426,0.7711784686577162
binding_energy_gs,upper,family,42,1,7824,1916,main,mono_stiffness,gradient_boosting,3.3137672680292223,5.131592588350047,0.6039075815883254,0.5943132422080999,0.7772024114741252
binding_energy_gs,upper,family,42,2,7816,1924,main,none,mean_arith,5.885090972976257,7.780574540419392,-0.0022586269290596483,-0.07140899736117001,
binding_energy_gs,upper,family,42,2,7816,1924,main,none,mean_geom,5.649264334487107,7.893261239253688,-0.03150044805697272,-0.0003303065532718197,
binding_energy_gs,upper,family,42,2,7816,1924,main,mono_stiffness,ridge,5.478745509112884,9.108288652414306,-0.37350434793958187,0.2963172615298425,0.7084056003945218
binding_energy_gs,upper,family,42,2,7816,1924,main,mono_stiffness,random_forest,3.3140979216440107,4.439885774115107,0.6736376423933061,0.5214245269746354,0.7220943206917478
binding_energy_gs,upper,family,42,2,7816,1924,main,mono_stiffness,gradient_boosting,3.595842089424459,4.872494211373215,0.6069397452417733,0.4536366650949263,0.7051296665542006
binding_energy_gs,upper,family,42,3,7728,2012,main,none,mean_arith,6.242761710146825,8.963917579640857,-0.0009517121326283462,-0.07460953722097718,
binding_energy_gs,upper,family,42,3,7728,2012,main,none,mean_geom,5.880767200236001,9.071915001557619,-0.025215969339408728,-0.0016257325309574355,
binding_energy_gs,upper,family,42,3,7728,2012,main,mono_stiffness,ridge,4.4739288749014365,9.396656409176398,-0.09992762989646375,0.498992300014491,0.7083436977477541
binding_energy_gs,upper,family,42,3,7728,2012,main,mono_stiffness,random_forest,3.28936168820835,4.592941622270405,0.7372157886721924,0.6324755171867054,0.7622972215746783
binding_energy_gs,upper,family,42,3,7728,2012,main,mono_stiffness,gradient_boosting,3.2771201233072715,4.591526019867161,0.7373777505103574,0.6271283139976883,0.7677441519000752
binding_energy_gs,upper,family,42,4,7877,1863,main,none,mean_arith,6.159548670316728,8.504055956123377,-0.0001415118093828216,-0.05824530072261758,
binding_energy_gs,upper,family,42,4,7877,1863,main,none,mean_geom,5.948037355238615,8.655175887688143,-0.036003042729901624,-1.0988505982245655e-05,
binding_energy_gs,upper,family,42,4,7877,1863,main,mono_stiffness,ridge,3.8799091776637966,6.536078296244369,0.4091955916917195,0.5322008907556122,0.8025383850843032
binding_energy_gs,upper,family,42,4,7877,1863,main,mono_stiffness,random_forest,3.7046243706640687,6.361171671666912,0.44039257575005997,0.4386613576080052,0.7044370958003502
binding_energy_gs,upper,family,42,4,7877,1863,main,mono_stiffness,gradient_boosting,3.6686457220020228,6.3424361434071175,0.4436841393858749,0.43073818433739586,0.7017128433466642
binding_energy_zscan,upper,random,43,0,7994,1999,seeds,none,mean_arith,18.262348503648553,32.941564869366296,-0.001212812503774252,-0.26113754572593706,
binding_energy_zscan,upper,random,43,0,7994,1999,seeds,none,mean_geom,15.109831692102675,33.59411408549021,-0.04127233898232352,-0.0022728974092753873,
binding_energy_zscan,upper,random,43,0,7994,1999,seeds,mono_basic,gradient_boosting,2.655635942298293,7.282447583399782,0.9510680322311768,0.9369003891294735,0.942151172669549
binding_energy_zscan,upper,random,43,0,7994,1999,seeds,mono_stiffness,gradient_boosting,2.6365875271788366,7.387102219638511,0.949651543236713,0.9357029212501996,0.9413187567447922
binding_energy_zscan,upper,random,43,1,7994,1999,seeds,none,mean_arith,17.978913640610614,31.863502389117233,-0.0004629099784767554,-0.2245557591891043,
binding_energy_zscan,upper,random,43,1,7994,1999,seeds,none,mean_geom,15.259908728956864,32.65278251477343,-0.05064104189169383,-7.673693462639797e-05,
binding_energy_zscan,upper,random,43,1,7994,1999,seeds,mono_basic,gradient_boosting,2.2928036051874576,3.051635908973579,0.9908234506643127,0.9403633730820745,0.9447043823995692
binding_energy_zscan,upper,random,43,1,7994,1999,seeds,mono_stiffness,gradient_boosting,2.2883374163649157,3.0226766441466832,0.990996790602652,0.9396837599897381,0.9443833690408764
binding_energy_zscan,upper,random,43,2,7994,1999,seeds,none,mean_arith,18.437702914754112,33.55494533258398,-0.00017224872728305307,-0.1817711287295798,
binding_energy_zscan,upper,random,43,2,7994,1999,seeds,none,mean_geom,15.79716090167697,34.53565563630365,-0.059490676897048234,-0.000950872195106145,
binding_energy_zscan,upper,random,43,2,7994,1999,seeds,mono_basic,gradient_boosting,2.5248756667540944,3.7035968186689865,0.9878154601191614,0.9362308932979604,0.9413442268636056
binding_energy_zscan,upper,random,43,2,7994,1999,seeds,mono_stiffness,gradient_boosting,2.4928122941241164,3.6173713631654856,0.9883762055528134,0.9357876177175369,0.9412340010417778
binding_energy_zscan,upper,random,43,3,7995,1998,seeds,none,mean_arith,19.014241541702354,35.137518172404526,-0.0005555477804406461,-0.18137437828783431,
binding_energy_zscan,upper,random,43,3,7995,1998,seeds,none,mean_geom,16.32906967563504,36.13189320657041,-0.057987346959673225,-0.0003432898523632044,
binding_energy_zscan,upper,random,43,3,7995,1998,seeds,mono_basic,gradient_boosting,2.3147027211160665,3.2185164185075794,0.9916051972572848,0.9476108030193321,0.9457563351760229
binding_energy_zscan,upper,random,43,3,7995,1998,seeds,mono_stiffness,gradient_boosting,2.3288205199297174,3.3104053948646652,0.9911190096113612,0.947414964593075,0.9451402266871529
binding_energy_zscan,upper,random,43,4,7995,1998,seeds,none,mean_arith,18.84555741543272,34.42584979252862,-0.00026858579770716595,-0.18830160690081654,
binding_energy_zscan,upper,random,43,4,7995,1998,seeds,none,mean_geom,16.26748945851004,35.387088480538836,-0.05690743876362525,-3.5827780312081003e-05,
binding_energy_zscan,upper,random,43,4,7995,1998,seeds,mono_basic,gradient_boosting,2.41308553461132,3.6033493188133523,0.9890412751605262,0.9401297715319396,0.9454345664450959
binding_energy_zscan,upper,random,43,4,7995,1998,seeds,mono_stiffness,gradient_boosting,2.4205043843841776,3.5253308437811413,0.9895106868256851,0.9399401105343089,0.9453666116025877
binding_energy_zscan,upper,monolayer,43,0,7994,1999,seeds,none,mean_arith,17.321434614222614,29.18360054413427,-0.003315525526751628,-0.2549502804641679,
binding_energy_zscan,upper,monolayer,43,0,7994,1999,seeds,none,mean_geom,14.360939225788124,29.823075675615556,-0.04776683919112856,-0.0001379344439833563,
binding_energy_zscan,upper,monolayer,43,0,7994,1999,seeds,mono_basic,gradient_boosting,7.436704612743663,18.606264061494063,0.592170958479552,0.7363693730272611,0.8744860853013946
binding_energy_zscan,upper,monolayer,43,0,7994,1999,seeds,mono_stiffness,gradient_boosting,7.48454220921672,18.678467221749113,0.5889995877591548,0.7121346413115694,0.8643422909253298
binding_energy_zscan,upper,monolayer,43,1,7995,1998,seeds,none,mean_arith,20.105807986145003,36.889883999450866,-0.003927754833262798,-0.14522025770528457,
binding_energy_zscan,upper,monolayer,43,1,7995,1998,seeds,none,mean_geom,17.57178027712615,38.070921122523465,-0.06923865553454567,-0.001056998188825764,
binding_energy_zscan,upper,monolayer,43,1,7995,1998,seeds,mono_basic,gradient_boosting,10.298933479006182,26.18459960675121,0.4941989149418563,0.651551463971251,0.7934214169467927
binding_energy_zscan,upper,monolayer,43,1,7995,1998,seeds,mono_stiffness,gradient_boosting,10.014567648431822,25.889151774568063,0.5055486978544745,0.6975661287260488,0.8311333513340075
binding_energy_zscan,upper,monolayer,43,2,7994,1999,seeds,none,mean_arith,18.673034191280266,37.606183929424525,-5.583686842447477e-05,-0.21303086551270423,
binding_energy_zscan,upper,monolayer,43,2,7994,1999,seeds,none,mean_geom,15.961662549162565,38.43346415895396,-0.04453928674477803,-0.00011221747759626588,
binding_energy_zscan,upper,monolayer,43,2,7994,1999,seeds,mono_basic,gradient_boosting,9.58626989154311,26.83293616307967,0.4908542625583374,0.6535028268075047,0.8197476381741395
binding_energy_zscan,upper,monolayer,43,2,7994,1999,seeds,mono_stiffness,gradient_boosting,9.678727205795797,28.159346586696604,0.43927378114090254,0.6141161184189203,0.8102913834500461
binding_energy_zscan,upper,monolayer,43,3,7994,1999,seeds,none,mean_arith,17.381733719829455,29.74066851824091,-0.0029561825159776234,-0.257145099830717,
binding_energy_zscan,upper,monolayer,43,3,7994,1999,seeds,none,mean_geom,14.469031391725952,30.376549126196664,-0.046302774709623185,-0.00046707006044854893,
binding_energy_zscan,upper,monolayer,43,3,7994,1999,seeds,mono_basic,gradient_boosting,10.871339864396274,26.17604119199286,0.22305828890507007,0.3284659387371074,0.7267892513658997
binding_energy_zscan,upper,monolayer,43,3,7994,1999,seeds,mono_stiffness,gradient_boosting,10.641970791293465,24.95677305200156,0.29375177990008894,0.3727876660027344,0.7450755348640109
binding_energy_zscan,upper,monolayer,43,4,7995,1998,seeds,none,mean_arith,19.053974104956104,33.73292698485333,-0.00043694131921645507,-0.18118694947583847,
binding_energy_zscan,upper,monolayer,43,4,7995,1998,seeds,none,mean_geom,16.39339688158535,34.738981446922374,-0.061001086432733276,-6.099931620617838e-05,
binding_energy_zscan,upper,monolayer,43,4,7995,1998,seeds,mono_basic,gradient_boosting,7.758882827444935,19.8815718024558,0.6524773628788969,0.7931079436030373,0.9031096170081774
binding_energy_zscan,upper,monolayer,43,4,7995,1998,seeds,mono_stiffness,gradient_boosting,8.504247143152385,22.880921096851566,0.5397130371268339,0.7648034064138607,0.8903347265995653
binding_energy_zscan,upper,family,43,0,7885,2108,seeds,none,mean_arith,19.090288279329563,33.880238323052744,-6.968829215914241e-07,-0.21558428708654875,
binding_energy_zscan,upper,family,43,0,7885,2108,seeds,none,mean_geom,16.229629397023626,34.73792937045431,-0.0512723574318843,-0.0008646383832349169,
binding_energy_zscan,upper,family,43,0,7885,2108,seeds,mono_basic,gradient_boosting,12.569901098789032,30.019055254342938,0.21494256710748239,0.49872940925730025,0.8071477137795472
binding_energy_zscan,upper,family,43,0,7885,2108,seeds,mono_stiffness,gradient_boosting,12.447658127907069,31.11031730830296,0.15682781608790242,0.443578814960663,0.8044642203913287
binding_energy_zscan,upper,family,43,1,7981,2012,seeds,none,mean_arith,17.251718563483795,28.86504873727353,-0.00040213016715973104,-0.1883002921585495,
binding_energy_zscan,upper,family,43,1,7981,2012,seeds,none,mean_geom,14.81405250039126,29.801389786938884,-0.06635805361497082,-0.003021974880423217,
binding_energy_zscan,upper,family,43,1,7981,2012,seeds,mono_basic,gradient_boosting,12.96581498908265,26.68777611483097,0.14482540847960979,0.28937692712109575,0.681087978900716
binding_energy_zscan,upper,family,43,1,7981,2012,seeds,mono_stiffness,gradient_boosting,11.962715601958433,25.186463646381444,0.2383342882062648,0.4035121972149086,0.7078301287145091
binding_energy_zscan,upper,family,43,2,7980,2013,seeds,none,mean_arith,17.07821322065253,27.525024986662697,-0.007862636543891188,-0.29167877289629196,
binding_energy_zscan,upper,family,43,2,7980,2013,seeds,none,mean_geom,13.931181945319144,27.999518495455227,-0.042910469770579995,-0.0019051408020225313,
binding_energy_zscan,upper,family,43,2,7980,2013,seeds,mono_basic,gradient_boosting,10.88181951972872,24.924904174754673,0.1735570177471496,0.2619640900272955,0.5740121875872812
binding_energy_zscan,upper,family,43,2,7980,2013,seeds,mono_stiffness,gradient_boosting,10.850178056970757,25.151423728128922,0.15846719727820802,0.33859186461248314,0.6642367019618276
binding_energy_zscan,upper,family,43,3,8064,1929,seeds,none,mean_arith,17.564638729867884,31.142496661384172,-0.0038152379912248513,-0.2918590864989936,
binding_energy_zscan,upper,family,43,3,8064,1929,seeds,none,mean_geom,14.358752753554882,31.66279117714582,-0.037636700964505776,-0.0036159892015454886,
binding_energy_zscan,upper,family,43,3,8064,1929,seeds,mono_basic,gradient_boosting,9.902920438944323,21.717355468337438,0.5118415506870269,0.5064009580981742,0.7320699077290047
binding_energy_zscan,upper,family,43,3,8064,1929,seeds,mono_stiffness,gradient_boosting,9.887393618224856,21.180483475035256,0.5356786328930887,0.5180301729049512,0.7327299972027671
binding_energy_zscan,upper,family,43,4,8062,1931,seeds,none,mean_arith,21.690988476066124,44.44191883240412,-0.012787639306218956,-0.09768522587155926,
binding_energy_zscan,upper,family,43,4,8062,1931,seeds,none,mean_geom,19.50876143760266,45.75899675567816,-0.07370698143261034,-0.005110065558108445,
binding_energy_zscan,upper,family,43,4,8062,1931,seeds,mono_basic,gradient_boosting,21.505671545493026,46.210737085882016,-0.09501124778887426,0.10813010358378661,0.7109322220683436
binding_energy_zscan,upper,family,43,4,8062,1931,seeds,mono_stiffness,gradient_boosting,22.41979586759233,46.95286863967951,-0.13046481791489417,0.10518457509181423,0.7175342515479579
distance,upper,random,43,0,8151,2038,seeds,none,mean_arith,0.40586731150240696,0.5479177533353643,-4.833861046638077e-05,-0.007453819664357653,
distance,upper,random,43,0,8151,2038,seeds,none,mean_geom,0.41568515575622567,0.5523019180173809,-0.016116142135623956,-1.0845582878227233e-05,
distance,upper,random,43,0,8151,2038,seeds,mono_basic,gradient_boosting,0.24480972973745924,0.31273859311830277,0.6741984065491982,0.7449688754887448,0.7721686070752106
distance,upper,random,43,0,8151,2038,seeds,mono_stiffness,gradient_boosting,0.24533301347818015,0.31370478754524755,0.67218219266752,0.7408624073540773,0.7701779609716314
distance,upper,random,43,1,8151,2038,seeds,none,mean_arith,0.41318588473570655,0.5450927115944362,-0.00027782397777986745,-0.005358391596323564,
distance,upper,random,43,1,8151,2038,seeds,none,mean_geom,0.42347780980932165,0.5500661450374333,-0.018614192147957898,-4.2872897453083425e-05,
distance,upper,random,43,1,8151,2038,seeds,mono_basic,gradient_boosting,0.2480625777240692,0.3215936744598491,0.6518271631017205,0.6156532390681341,0.7523966514365208
distance,upper,random,43,1,8151,2038,seeds,mono_stiffness,gradient_boosting,0.24883782137145946,0.3223741476333423,0.650135156561478,0.6131746720714656,0.7506133667017737
distance,upper,random,43,2,8151,2038,seeds,none,mean_arith,0.42240925053682177,0.5591132837760893,-0.00027394266792435396,-0.011182509604082957,
distance,upper,random,43,2,8151,2038,seeds,none,mean_geom,0.4310197369185422,0.561872132005367,-0.010169656009659578,-0.0002444820498015421,
distance,upper,random,43,2,8151,2038,seeds,mono_basic,gradient_boosting,0.2470123769504264,0.31703538212889326,0.6783861068058974,0.7283818410794866,0.7716127436183332
distance,upper,random,43,2,8151,2038,seeds,mono_stiffness,gradient_boosting,0.24798781662439698,0.3183413093701386,0.6757310758175101,0.7288095756828099,0.7698727512668307
distance,upper,random,43,3,8151,2038,seeds,none,mean_arith,0.4159419105855417,0.5437046842760501,-0.00012151403800531035,-0.009909031209012875,
distance,upper,random,43,3,8151,2038,seeds,none,mean_geom,0.4258314947674252,0.5472169257532186,-0.013084484529014562,-5.7253270004720136e-05,
distance,upper,random,43,3,8151,2038,seeds,mono_basic,gradient_boosting,0.245510273407654,0.31621980554765444,0.6616978523210219,0.6795231524949801,0.776771655173419
distance,upper,random,43,3,8151,2038,seeds,mono_stiffness,gradient_boosting,0.2462966035827046,0.31816310104256307,0.6575270756410267,0.6754778135097128,0.7744987086787284
distance,upper,random,43,4,8152,2037,seeds,none,mean_arith,0.41987792316735334,0.5582806546558682,-1.776344949311337e-05,-0.007781198108683496,
distance,upper,random,43,4,8152,2037,seeds,none,mean_geom,0.4300150875886589,0.5623623157479737,-0.01469373188887535,-2.5937557357469387e-06,
distance,upper,random,43,4,8152,2037,seeds,mono_basic,gradient_boosting,0.2493683637848484,0.3222989990235283,0.6667113918007592,0.7156416402108738,0.7713284116181223
distance,upper,random,43,4,8152,2037,seeds,mono_stiffness,gradient_boosting,0.24965436963556142,0.32316066747120004,0.6649269110978588,0.7167238135138634,0.7689429596353615
distance,upper,monolayer,43,0,8150,2039,seeds,none,mean_arith,0.40396302735392603,0.5230603070060487,-0.00032961146099141914,-0.005002434180547466,
distance,upper,monolayer,43,0,8150,2039,seeds,none,mean_geom,0.41496924031612337,0.5288849485450176,-0.022732392718847194,-0.0018857314083580157,
distance,upper,monolayer,43,0,8150,2039,seeds,mono_basic,gradient_boosting,0.24986459559476648,0.32859659728226814,0.6052103851095961,0.558829090324303,0.7898826834262979
distance,upper,monolayer,43,0,8150,2039,seeds,mono_stiffness,gradient_boosting,0.25184310649305336,0.3292112291405077,0.6037321153264658,0.5737212632070998,0.781589233428252
distance,upper,monolayer,43,1,8151,2038,seeds,none,mean_arith,0.4201940756715603,0.5647177350256967,-0.00024577426782323997,-0.009812578491521728,
distance,upper,monolayer,43,1,8151,2038,seeds,none,mean_geom,0.4294435797141995,0.5673117708437531,-0.009456155069855976,-0.0005777464262410881,
distance,upper,monolayer,43,1,8151,2038,seeds,mono_basic,gradient_boosting,0.2835004494083901,0.37180318245654853,0.5664191655467923,0.48184147265067434,0.7471591127267517
distance,upper,monolayer,43,1,8151,2038,seeds,mono_stiffness,gradient_boosting,0.27716578780740936,0.3674122092043416,0.5765998192212531,0.4854875864636282,0.7566764797826648
distance,upper,monolayer,43,2,8153,2036,seeds,none,mean_arith,0.4062487544697633,0.5215728518089915,-0.00012455923378063005,-0.005743210406299548,
distance,upper,monolayer,43,2,8153,2036,seeds,none,mean_geom,0.416411088323261,0.5270225689309891,-0.02113359172716156,-0.0019924665401871433,
distance,upper,monolayer,43,2,8153,2036,seeds,mono_basic,gradient_boosting,0.2571845048785108,0.3237184882606807,0.6147353667694109,0.6470263720594827,0.7582320226453426
distance,upper,monolayer,43,2,8153,2036,seeds,mono_stiffness,gradient_boosting,0.2598330312229473,0.3342111986685535,0.5893553850044255,0.6235606172092176,0.7442003956670495
distance,upper,monolayer,43,3,8151,2038,seeds,none,mean_arith,0.41937187032434226,0.5615926790964619,-1.3559207243662996e-06,-0.008996498688891519,
distance,upper,monolayer,43,3,8151,2038,seeds,none,mean_geom,0.428824043459189,0.5652774660994909,-0.013167056540310806,-5.2559295378840076e-05,
distance,upper,monolayer,43,3,8151,2038,seeds,mono_basic,gradient_boosting,0.3225862564109932,0.49676811304889845,0.21753461188682832,-0.6472597645347766,0.7198674483874803
distance,upper,monolayer,43,3,8151,2038,seeds,mono_stiffness,gradient_boosting,0.3216168904663245,0.5010431542371105,0.20400932703361951,-0.6493040870204179,0.7231847705506353
distance,upper,monolayer,43,4,8151,2038,seeds,none,mean_arith,0.4274270219768107,0.5807763462644004,-0.00010003811918424255,-0.010721494844812884,
distance,upper,monolayer,43,4,8151,2038,seeds,none,mean_geom,0.4363906721857969,0.5834524645507244,-0.00933785292477074,-0.000968521049680815,
distance,upper,monolayer,43,4,8151,2038,seeds,mono_basic,gradient_boosting,0.2827483205822044,0.3950686874850962,0.5372240057504388,0.44615540224690375,0.7594773587652026
distance,upper,monolayer,43,4,8151,2038,seeds,mono_stiffness,gradient_boosting,0.2863075409000886,0.395426664376154,0.5363849710626438,0.45748536897526515,0.752146733778356
distance,upper,family,43,0,8142,2047,seeds,none,mean_arith,0.4079299403183674,0.5059779713278119,-3.802177531686546e-05,-0.005826909886730958,
distance,upper,family,43,0,8142,2047,seeds,none,mean_geom,0.417624862212659,0.5114718099295193,-0.02187246755299177,-0.0036674144150030674,
distance,upper,family,43,0,8142,2047,seeds,mono_basic,gradient_boosting,0.34684996016856845,0.4428955023394833,0.23377585463135342,0.22051216582108613,0.6018616196185678
distance,upper,family,43,0,8142,2047,seeds,mono_stiffness,gradient_boosting,0.3148065361167893,0.39398776772272587,0.39365643882269863,0.41583673314790326,0.6921227423997479
distance,upper,family,43,1,8132,2057,seeds,none,mean_arith,0.4163176202520881,0.5509233987567098,-0.00022344358575110412,-0.0056410447549204434,
distance,upper,family,43,1,8132,2057,seeds,none,mean_geom,0.4269121013779302,0.5557229145342044,-0.017726780746976978,-2.054317708788389e-05,
distance,upper,family,43,1,8132,2057,seeds,mono_basic,gradient_boosting,0.34316613314431965,0.4586056919956287,0.3069038687364942,0.33319587727504263,0.5655275019312435
distance,upper,family,43,1,8132,2057,seeds,mono_stiffness,gradient_boosting,0.3440924721575614,0.4612014027014677,0.2990358092138403,0.33852731260421753,0.5415528209945196
distance,upper,family,43,2,8147,2042,seeds,none,mean_arith,0.4100542722129288,0.5589093029395937,-1.9270383844638417e-05,-0.00831834312140578,
distance,upper,family,43,2,8147,2042,seeds,none,mean_geom,0.41933750193060676,0.5629725224299503,-0.014612220153233046,-8.702880279765068e-06,
distance,upper,family,43,2,8147,2042,seeds,mono_basic,gradient_boosting,0.27484130568335,0.41137254664941064,0.45825326498604957,0.13481628273275537,0.8187621561648154
distance,upper,family,43,2,8147,2042,seeds,mono_stiffness,gradient_boosting,0.2735704246131047,0.39840131633412373,0.4918789095285334,0.28921232672409714,0.8068256995485367
distance,upper,family,43,3,8159,2030,seeds,none,mean_arith,0.43173167697636133,0.5834629781984835,-7.31594118890122e-05,-0.010402637424359318,
distance,upper,family,43,3,8159,2030,seeds,none,mean_geom,0.4397280032663752,0.5862391068898071,-0.00961253660206518,-0.0008317025632349484,
distance,upper,family,43,3,8159,2030,seeds,mono_basic,gradient_boosting,0.3283409674247996,0.44757359602783187,0.41151678707286665,0.33813147495830853,0.6627952171086563
distance,upper,family,43,3,8159,2030,seeds,mono_stiffness,gradient_boosting,0.3193404383650744,0.4397018258272796,0.4320348341229915,0.3497394325856643,0.6778040021845679
distance,upper,family,43,4,8176,2013,seeds,none,mean_arith,0.4112056585897582,0.5524874008163124,-0.0002646283329545973,-0.011217956633590376,
distance,upper,family,43,4,8176,2013,seeds,none,mean_geom,0.4224115663209736,0.5553518497243478,-0.010663542237502543,-0.00016405648430350972,
distance,upper,family,43,4,8176,2013,seeds,mono_basic,gradient_boosting,0.31401151885564244,0.4227549780717223,0.41433723342168494,0.45194729323794747,0.7010171245572372
distance,upper,family,43,4,8176,2013,seeds,mono_stiffness,gradient_boosting,0.31845757958424786,0.4340032938592562,0.3827569545529965,0.41517048971216874,0.6864551373125312
binding_energy_zscan,upper,random,44,0,7994,1999,seeds,none,mean_arith,18.622814180935382,34.34874521332189,-1.237098589057517e-05,-0.21854200368335497,
binding_energy_zscan,upper,random,44,0,7994,1999,seeds,none,mean_geom,15.761773048912788,35.17954001198536,-0.048972088898208366,-0.00023249499840805044,
binding_energy_zscan,upper,random,44,0,7994,1999,seeds,mono_basic,gradient_boosting,2.4674561304077383,3.990858260559906,0.9865005452717496,0.940833406188392,0.9397132589282466
binding_energy_zscan,upper,random,44,0,7994,1999,seeds,mono_stiffness,gradient_boosting,2.437145760060198,3.704753086709014,0.9883667206593915,0.9404476940641778,0.9394545144810529
binding_energy_zscan,upper,random,44,1,7994,1999,seeds,none,mean_arith,18.287893347452727,32.289743272023024,-3.9291369615890304e-05,-0.20656429166489332,
binding_energy_zscan,upper,random,44,1,7994,1999,seeds,none,mean_geom,15.60355086588035,33.1696471057616,-0.05528455443250713,-1.646297400759167e-05,
binding_energy_zscan,upper,random,44,1,7994,1999,seeds,mono_basic,gradient_boosting,2.35662874897227,3.295096256283398,0.989585843710983,0.9412628815409334,0.9462694892404062
binding_energy_zscan,upper,random,44,1,7994,1999,seeds,mono_stiffness,gradient_boosting,2.3501231589340907,3.310740883367779,0.9894867192229074,0.9415631262635067,0.9466915789238188
binding_energy_zscan,upper,random,44,2,7994,1999,seeds,none,mean_arith,17.85641476395374,32.44868949393257,-0.0007519175345369611,-0.2399018610498873,
binding_energy_zscan,upper,random,44,2,7994,1999,seeds,none,mean_geom,14.93288487217915,33.179517730618194,-0.04633859780975391,-0.0002912151953895492,
binding_energy_zscan,upper,random,44,2,7994,1999,seeds,mono_basic,gradient_boosting,2.361858425208379,3.1848422855236778,0.9903593133059567,0.9393026572392115,0.9446758942068516
binding_energy_zscan,upper,random,44,2,7994,1999,seeds,mono_stiffness,gradient_boosting,2.3329914377177245,3.1011764073530546,0.9908591822431039,0.9390844807986721,0.9442774735530182
binding_energy_zscan,upper,random,44,3,7995,1998,seeds,none,mean_arith,18.57434941408292,33.95792318512274,-3.2417485890334774e-05,-0.1978324884158964,
binding_energy_zscan,upper,random,44,3,7995,1998,seeds,none,mean_geom,15.8441014449753,34.86750162940148,-0.05432254924249791,-3.648328087280106e-05,
binding_energy_zscan,upper,random,44,3,7995,1998,seeds,mono_basic,gradient_boosting,2.676698888060007,7.502751168018462,0.9511827937583234,0.9326374087499212,0.9438696987139804
binding_energy_zscan,upper,random,44,3,7995,1998,seeds,mono_stiffness,gradient_boosting,2.6396360278694697,7.258107820430805,0.9543144701439344,0.9327887653970001,0.9435683320964269
binding_energy_zscan,upper,random,44,4,7995,1998,seeds,none,mean_arith,19.201289470591195,34.88868968549074,-0.0008550767264234871,-0.1719229514988445,
binding_energy_zscan,upper,random,44,4,7995,1998,seeds,none,mean_geom,16.614367386436662,35.923586233273774,-0.06111205784050466,-0.0004467724841925591,
binding_energy_zscan,upper,random,44,4,7995,1998,seeds,mono_basic,gradient_boosting,2.3765567819208893,3.345211969918787,0.9907987005923621,0.9447065687467119,0.9440349810105647
binding_energy_zscan,upper,random,44,4,7995,1998,seeds,mono_stiffness,gradient_boosting,2.336402404533227,3.073595085756056,0.9922322509808723,0.9443475904922916,0.9433503652746439
binding_energy_zscan,upper,monolayer,44,0,7995,1998,seeds,none,mean_arith,18.495592888585556,33.085301735436026,-5.971328437270884e-06,-0.20410745949990905,
binding_energy_zscan,upper,monolayer,44,0,7995,1998,seeds,none,mean_geom,15.691370312899078,33.969379930330106,-0.05416266946325665,-6.0184885232628105e-05,
binding_energy_zscan,upper,monolayer,44,0,7995,1998,seeds,mono_basic,gradient_boosting,8.998630022868541,24.018168832765628,0.4729981005975059,0.7045978535172399,0.8864654468074885
binding_energy_zscan,upper,monolayer,44,0,7995,1998,seeds,mono_stiffness,gradient_boosting,8.579780907339607,23.285151780573397,0.5046746670188239,0.7401260627194068,0.8941524749593083
binding_energy_zscan,upper,monolayer,44,1,7994,1999,seeds,none,mean_arith,20.35562476401567,40.5778097303183,-0.004736514603713937,-0.14186655616936394,
binding_energy_zscan,upper,monolayer,44,1,7994,1999,seeds,none,mean_geom,17.88966593598548,41.7175030976575,-0.0619684067459958,-0.0012182538553209277,
binding_energy_zscan,upper,monolayer,44,1,7994,1999,seeds,mono_basic,gradient_boosting,11.393457745950402,32.29131094612268,0.3637228364766656,0.5936609922733787,0.7869962879737079
binding_energy_zscan,upper,monolayer,44,1,7994,1999,seeds,mono_stiffness,gradient_boosting,11.5660216523179,32.33228678345674,0.3621070128557843,0.6133987133076799,0.8025907606942801
binding_energy_zscan,upper,monolayer,44,2,7996,1997,seeds,none,mean_arith,18.14289746697204,32.35104996853122,-0.00021858675524533133,-0.22146842859021887,
binding_energy_zscan,upper,monolayer,44,2,7996,1997,seeds,none,mean_geom,15.386333486769022,33.16707795658471,-0.05131432681769721,-0.00012249954122478535,
binding_energy_zscan,upper,monolayer,44,2,7996,1997,seeds,mono_basic,gradient_boosting,8.604342872622949,22.2253502966777,0.5279202310704223,0.6558495537724334,0.8361925469965894
binding_energy_zscan,upper,monolayer,44,2,7996,1997,seeds,mono_stiffness,gradient_boosting,8.216506007447364,21.30338447328908,0.5662740864197615,0.6954562451515571,0.8402856945668564
binding_energy_zscan,upper,monolayer,44,3,7994,1999,seeds,none,mean_arith,16.38842463357822,24.903216215530378,-0.015684476330285024,-0.31067122921049983,
binding_energy_zscan,upper,monolayer,44,3,7994,1999,seeds,none,mean_geom,13.31919993176578,25.240459948342664,-0.043379898780758985,-0.0019651883570694917,
binding_energy_zscan,upper,monolayer,44,3,7994,1999,seeds,mono_basic,gradient_boosting,9.449813360624047,19.14487994771682,0.3997208885884651,0.40403073689769287,0.7386918019514601
binding_energy_zscan,upper,monolayer,44,3,7994,1999,seeds,mono_stiffness,gradient_boosting,10.255019111334741,21.962670206405786,0.21001614307077787,0.3325127666355404,0.7383328445074414
binding_energy_zscan,upper,monolayer,44,4,7993,2000,seeds,none,mean_arith,19.162830319422856,35.2629993558912,-0.0006048119012618258,-0.18175117756636516,
binding_energy_zscan,upper,monolayer,44,4,7993,2000,seeds,none,mean_geom,16.466773221410595,36.25283040774093,-0.05756708930273713,-5.654512453689975e-05,
binding_energy_zscan,upper,monolayer,44,4,7993,2000,seeds,mono_basic,gradient_boosting,8.427520488667852,24.729296126102188,0.5079065335275249,0.7277042924688997,0.8708164335316101
binding_energy_zscan,upper,monolayer,44,4,7993,2000,seeds,mono_stiffness,gradient_boosting,8.816225025337648,23.52657646301793,0.5546088769508126,0.7183038645328712,0.8458148751299661
binding_energy_zscan,upper,family,44,0,7885,2108,seeds,none,mean_arith,19.090288279329563,33.880238323052744,-6.968829215914241e-07,-0.21558428708654875,
binding_energy_zscan,upper,family,44,0,7885,2108,seeds,none,mean_geom,16.229629397023626,34.73792937045431,-0.0512723574318843,-0.0008646383832349169,
binding_energy_zscan,upper,family,44,0,7885,2108,seeds,mono_basic,gradient_boosting,12.779880969160647,30.90212802221785,0.16807502138638664,0.45528731123587807,0.8042449590430232
binding_energy_zscan,upper,family,44,0,7885,2108,seeds,mono_stiffness,gradient_boosting,12.690964380145282,29.602146983307087,0.23659709051127753,0.4774219779144748,0.7988208391190207
binding_energy_zscan,upper,family,44,1,7981,2012,seeds,none,mean_arith,17.251718563483795,28.86504873727353,-0.00040213016715973104,-0.1883002921585495,
binding_energy_zscan,upper,family,44,1,7981,2012,seeds,none,mean_geom,14.81405250039126,29.801389786938884,-0.06635805361497082,-0.003021974880423217,
binding_energy_zscan,upper,family,44,1,7981,2012,seeds,mono_basic,gradient_boosting,12.8377029354524,26.955793133247166,0.12756265551818957,0.2890623297858421,0.664892853982836
binding_energy_zscan,upper,family,44,1,7981,2012,seeds,mono_stiffness,gradient_boosting,12.547457730250871,25.077839723224244,0.24488992930960285,0.36615095100891104,0.6843655490754756
binding_energy_zscan,upper,family,44,2,7980,2013,seeds,none,mean_arith,17.07821322065253,27.525024986662697,-0.007862636543891188,-0.29167877289629196,
binding_energy_zscan,upper,family,44,2,7980,2013,seeds,none,mean_geom,13.931181945319144,27.999518495455227,-0.042910469770579995,-0.0019051408020225313,
binding_energy_zscan,upper,family,44,2,7980,2013,seeds,mono_basic,gradient_boosting,10.891819827203722,25.146082785000026,0.15882456087509111,0.2818660161408334,0.6317080734935617
binding_energy_zscan,upper,family,44,2,7980,2013,seeds,mono_stiffness,gradient_boosting,11.566425721736781,24.696833016868478,0.18861227681875103,0.2835668667942015,0.5252183897723354
binding_energy_zscan,upper,family,44,3,8064,1929,seeds,none,mean_arith,17.564638729867884,31.142496661384172,-0.0038152379912248513,-0.2918590864989936,
binding_energy_zscan,upper,family,44,3,8064,1929,seeds,none,mean_geom,14.358752753554882,31.66279117714582,-0.037636700964505776,-0.0036159892015454886,
binding_energy_zscan,upper,family,44,3,8064,1929,seeds,mono_basic,gradient_boosting,9.749329352771497,20.75287722061126,0.5542374652811612,0.5267465167353667,0.7400408516310701
binding_energy_zscan,upper,family,44,3,8064,1929,seeds,mono_stiffness,gradient_boosting,10.484007172495955,22.51689574725607,0.47523608313946675,0.4697127267701995,0.7101256095869928
binding_energy_zscan,upper,family,44,4,8062,1931,seeds,none,mean_arith,21.690988476066124,44.44191883240412,-0.012787639306218956,-0.09768522587155926,
binding_energy_zscan,upper,family,44,4,8062,1931,seeds,none,mean_geom,19.50876143760266,45.75899675567816,-0.07370698143261034,-0.005110065558108445,
binding_energy_zscan,upper,family,44,4,8062,1931,seeds,mono_basic,gradient_boosting,21.735639835581335,46.115168759536864,-0.09048675035321985,0.1274923061157719,0.7154654943585246
binding_energy_zscan,upper,family,44,4,8062,1931,seeds,mono_stiffness,gradient_boosting,21.94432242283871,46.518214466325546,-0.10963171699696028,0.12220295559149319,0.7251172510805066
distance,upper,random,44,0,8151,2038,seeds,none,mean_arith,0.41156807147332136,0.5389906469586467,-0.0017469379138279617,-0.0028887765318783565,
distance,upper,random,44,0,8151,2038,seeds,none,mean_geom,0.42477250513652254,0.5461270961418523,-0.028449602959445652,-0.002941663140997308,
distance,upper,random,44,0,8151,2038,seeds,mono_basic,gradient_boosting,0.24370171940060228,0.3128548569201803,0.6624941003575189,0.7244663441480237,0.7731040808961002
distance,upper,random,44,0,8151,2038,seeds,mono_stiffness,gradient_boosting,0.24433807699806254,0.31326225805571756,0.6616145243464916,0.7239773388758546,0.7714933149458614
distance,upper,random,44,1,8151,2038,seeds,none,mean_arith,0.42520560832397,0.5684007721348245,-0.00032474195715792575,-0.011948311488877428,
distance,upper,random,44,1,8151,2038,seeds,none,mean_geom,0.433562456932325,0.5709137610104423,-0.009189479778897391,-0.000516069629442395,
distance,upper,random,44,1,8151,2038,seeds,mono_basic,gradient_boosting,0.24457268072635016,0.3146149178764416,0.693528343921464,0.7480717962616752,0.773626455211945
distance,upper,random,44,1,8151,2038,seeds,mono_stiffness,gradient_boosting,0.2455297825333204,0.31575305373980406,0.6913069788451942,0.7493080512923082,0.7711369762038931
distance,upper,random,44,2,8151,2038,seeds,none,mean_arith,0.39978786664921195,0.5265302957654616,-1.7743186031538016e-08,-0.007571198321477901,
distance,upper,random,44,2,8151,2038,seeds,none,mean_geom,0.41010111172845753,0.5309709825880213,-0.01693888344566341,-0.0003657559279446332,
distance,upper,random,44,2,8151,2038,seeds,mono_basic,gradient_boosting,0.2436018050762043,0.31685372981724125,0.637864646089888,0.6863771304001137,0.7578014822433405
distance,upper,random,44,2,8151,2038,seeds,mono_stiffness,gradient_boosting,0.24453955041825393,0.3179381158396452,0.6353816929222387,0.6836604387805626,0.7561542731630893
distance,upper,random,44,3,8151,2038,seeds,none,mean_arith,0.4205377338352825,0.5593563044657149,-7.030300982324711e-05,-0.006587708487987953,
distance,upper,random,44,3,8151,2038,seeds,none,mean_geom,0.4294556679298874,0.5634807060113739,-0.014872668271452838,-8.113275826637789e-05,
distance,upper,random,44,3,8151,2038,seeds,mono_basic,gradient_boosting,0.2525785369135373,0.3243058380836443,0.6638268759330566,0.6116323911934807,0.7645649810550982
distance,upper,random,44,3,8151,2038,seeds,mono_stiffness,gradient_boosting,0.2531980864532366,0.324719148378618,0.6629694608949006,0.6116768918716418,0.7645021800627394
distance,upper,random,44,4,8152,2037,seeds,none,mean_arith,0.4203725959288857,0.5601682572743338,-0.0009254612007660867,-0.013455688499243168,
distance,upper,random,44,4,8152,2037,seeds,none,mean_geom,0.42853719485680386,0.5619698645504605,-0.0073741465974341835,-0.0008501758948358251,
distance,upper,random,44,4,8152,2037,seeds,mono_basic,gradient_boosting,0.25195587785450957,0.32550613032138037,0.6620261565594423,0.6807633170075238,0.7664733502158773
distance,upper,random,44,4,8152,2037,seeds,mono_stiffness,gradient_boosting,0.2531625417015811,0.3276648767824086,0.6575284275651345,0.6795299188034132,0.7630147353658581
distance,upper,monolayer,44,0,8151,2038,seeds,none,mean_arith,0.40410668507977593,0.5209673419242894,-0.000731631813136957,-0.0038547272921418685,
distance,upper,monolayer,44,0,8151,2038,seeds,none,mean_geom,0.41574658649104396,0.5274678858563627,-0.02586136811678119,-0.0029743625686504682,
distance,upper,monolayer,44,0,8151,2038,seeds,mono_basic,gradient_boosting,0.2523878032334367,0.322405923218745,0.6167319184870101,0.6570288682890827,0.7792113908711232
distance,upper,monolayer,44,0,8151,2038,seeds,mono_stiffness,gradient_boosting,0.2487781021399994,0.31859527157477235,0.6257383907674436,0.6810834580232594,0.7686036587810229
distance,upper,monolayer,44,1,8152,2037,seeds,none,mean_arith,0.4250260727936251,0.5836088238745647,-0.0012282372057565993,-0.014722971549505415,
distance,upper,monolayer,44,1,8152,2037,seeds,none,mean_geom,0.4330377604689615,0.5846521039105886,-0.00481109968597937,-0.00277032849406722,
distance,upper,monolayer,44,1,8152,2037,seeds,mono_basic,gradient_boosting,0.2561252415713355,0.3482056238440633,0.6435809138478819,0.5304054232243509,0.7678693555184175
distance,upper,monolayer,44,1,8152,2037,seeds,mono_stiffness,gradient_boosting,0.25798175285858943,0.34833705317140057,0.6433118041144703,0.5325964091453009,0.7663376711005778
distance,upper,monolayer,44,2,8151,2038,seeds,none,mean_arith,0.40710101817192096,0.5224444778839289,-0.000810357218780311,-0.0035828853641426406,
distance,upper,monolayer,44,2,8151,2038,seeds,none,mean_geom,0.41780645045777165,0.5290977397717994,-0.026463042735195064,-0.003780077258627168,
distance,upper,monolayer,44,2,8151,2038,seeds,mono_basic,gradient_boosting,0.2579232537675584,0.32428329506948905,0.614414530571924,0.6646020799684478,0.7603023924601046
distance,upper,monolayer,44,2,8151,2038,seeds,mono_stiffness,gradient_boosting,0.25648873731511346,0.3242097299816113,0.6145894542386093,0.6498555013417205,0.7713201445960982
distance,upper,monolayer,44,3,8151,2038,seeds,none,mean_arith,0.41850814789518914,0.5601463362113437,-3.0926430027111707e-05,-0.008393404289075646,
distance,upper,monolayer,44,3,8151,2038,seeds,none,mean_geom,0.4274544503003616,0.563409671438132,-0.011716952394174918,-0.00029441561448351194,
distance,upper,monolayer,44,3,8151,2038,seeds,mono_basic,gradient_boosting,0.3045585607068833,0.464339175258622,0.312803272126829,0.03623854722679898,0.7335706293068284
distance,upper,monolayer,44,3,8151,2038,seeds,mono_stiffness,gradient_boosting,0.3094242112401104,0.4730578712165977,0.2867546026336276,0.06820563552143022,0.7291207878147916
distance,upper,monolayer,44,4,8151,2038,seeds,none,mean_arith,0.422562116408425,0.5645972913119616,-9.163413710111534e-05,-0.010504844592786666,
distance,upper,monolayer,44,4,8151,2038,seeds,none,mean_geom,0.4320970624470021,0.5677852197883171,-0.011417304998195377,-9.69087079152331e-05,
distance,upper,monolayer,44,4,8151,2038,seeds,mono_basic,gradient_boosting,0.2942032523140322,0.40355840399466186,0.4890539977848668,0.4907893467519864,0.7346638663857824
distance,upper,monolayer,44,4,8151,2038,seeds,mono_stiffness,gradient_boosting,0.30281223812427926,0.4245536169084896,0.43450690786635904,0.42247318105280374,0.7224880816009963
distance,upper,family,44,0,8142,2047,seeds,none,mean_arith,0.4079299403183674,0.5059779713278119,-3.802177531686546e-05,-0.005826909886730958,
distance,upper,family,44,0,8142,2047,seeds,none,mean_geom,0.417624862212659,0.5114718099295193,-0.02187246755299177,-0.0036674144150030674,
distance,upper,family,44,0,8142,2047,seeds,mono_basic,gradient_boosting,0.31339582383135656,0.3925672715715622,0.3980208179753272,0.4107255423482957,0.6785915681679116
distance,upper,family,44,0,8142,2047,seeds,mono_stiffness,gradient_boosting,0.3180716286265898,0.3979036986184174,0.38154337583490494,0.4069271132071566,0.7535617173164613
distance,upper,family,44,1,8132,2057,seeds,none,mean_arith,0.4163176202520881,0.5509233987567098,-0.00022344358575110412,-0.0056410447549204434,
distance,upper,family,44,1,8132,2057,seeds,none,mean_geom,0.4269121013779302,0.5557229145342044,-0.017726780746976978,-2.054317708788389e-05,
distance,upper,family,44,1,8132,2057,seeds,mono_basic,gradient_boosting,0.34266575230807467,0.46277480811642485,0.2942449211538454,0.31963562302934123,0.5727898427650819
distance,upper,family,44,1,8132,2057,seeds,mono_stiffness,gradient_boosting,0.33893800053261874,0.4522770761541912,0.3259009033318926,0.3607375878982684,0.5752747067468937
distance,upper,family,44,2,8147,2042,seeds,none,mean_arith,0.4100542722129288,0.5589093029395937,-1.9270383844638417e-05,-0.00831834312140578,
distance,upper,family,44,2,8147,2042,seeds,none,mean_geom,0.41933750193060676,0.5629725224299503,-0.014612220153233046,-8.702880279765068e-06,
distance,upper,family,44,2,8147,2042,seeds,mono_basic,gradient_boosting,0.27579632179881775,0.41188288020297087,0.4569082893485671,-0.029037335053673674,0.82576429214267
distance,upper,family,44,2,8147,2042,seeds,mono_stiffness,gradient_boosting,0.2793053644659442,0.4227697458580187,0.4278189190616408,-0.1209090387764662,0.816446316855662
distance,upper,family,44,3,8159,2030,seeds,none,mean_arith,0.43173167697636133,0.5834629781984835,-7.31594118890122e-05,-0.010402637424359318,
distance,upper,family,44,3,8159,2030,seeds,none,mean_geom,0.4397280032663752,0.5862391068898071,-0.00961253660206518,-0.0008317025632349484,
distance,upper,family,44,3,8159,2030,seeds,mono_basic,gradient_boosting,0.32403606177535105,0.43984705572617994,0.4316595837104682,0.35574258193622166,0.6712110911234228
distance,upper,family,44,3,8159,2030,seeds,mono_stiffness,gradient_boosting,0.32254166414597335,0.43724388839849265,0.43836694769244444,0.3656827420390072,0.6706667601310133
distance,upper,family,44,4,8176,2013,seeds,none,mean_arith,0.4112056585897582,0.5524874008163124,-0.0002646283329545973,-0.011217956633590376,
distance,upper,family,44,4,8176,2013,seeds,none,mean_geom,0.4224115663209736,0.5553518497243478,-0.010663542237502543,-0.00016405648430350972,
distance,upper,family,44,4,8176,2013,seeds,mono_basic,gradient_boosting,0.3094685783841161,0.41761688365482397,0.42848681955416035,0.46814487125005855,0.6917621108277274
distance,upper,family,44,4,8176,2013,seeds,mono_stiffness,gradient_boosting,0.31616689441661044,0.43270435618266134,0.38644614519296394,0.4168597442919708,0.6907156969783491
binding_energy_zscan,upper,random,45,0,7994,1999,seeds,none,mean_arith,17.746160907549758,31.136876847549367,-0.002557134050241938,-0.2706184070613342,
binding_energy_zscan,upper,random,45,0,7994,1999,seeds,none,mean_geom,14.710886496387698,31.74010492903662,-0.04177936304438812,-0.0020470885973229436,
binding_energy_zscan,upper,random,45,0,7994,1999,seeds,mono_basic,gradient_boosting,2.3798325812045444,3.243229344268935,0.9891228690911094,0.9355360186649382,0.942449934659412
binding_energy_zscan,upper,random,45,0,7994,1999,seeds,mono_stiffness,gradient_boosting,2.350752565575752,3.1529171759167767,0.9897202119927335,0.9358323547881604,0.9423418329108881
binding_energy_zscan,upper,random,45,1,7994,1999,seeds,none,mean_arith,18.30799127531146,34.234057921313564,-7.965544310328809e-05,-0.19201666337989476,
binding_energy_zscan,upper,random,45,1,7994,1999,seeds,none,mean_geom,15.741234738045044,35.16304414084697,-0.05509304920551994,-0.00027957460056127204,
binding_energy_zscan,upper,random,45,1,7994,1999,seeds,mono_basic,gradient_boosting,2.4998309089663517,3.9193555816076473,0.9868916761273645,0.9388786229721422,0.9453038281746996
binding_energy_zscan,upper,random,45,1,7994,1999,seeds,mono_stiffness,gradient_boosting,2.492507122159467,3.6721248590261224,0.988493249153931,0.9388349118433433,0.9448624969906393
binding_energy_zscan,upper,random,45,2,7994,1999,seeds,none,mean_arith,18.571711588701692,33.45925069870274,-0.00043230872150057387,-0.17247687497185082,
binding_energy_zscan,upper,random,45,2,7994,1999,seeds,none,mean_geom,16.035133510372813,34.494027598972856,-0.06326887219146404,-0.001595889356782676,
binding_energy_zscan,upper,random,45,2,7994,1999,seeds,mono_basic,gradient_boosting,2.4609339251670876,3.681089889633825,0.9878910040956438,0.9409691201326263,0.9396305917928345
binding_energy_zscan,upper,random,45,2,7994,1999,seeds,mono_stiffness,gradient_boosting,2.46459555217537,3.7312827908887396,0.9875585322815559,0.9401322049633364,0.9384192273218169
binding_energy_zscan,upper,random,45,3,7995,1998,seeds,none,mean_arith,19.40677206866547,35.789635496629565,-0.00032196215763424796,-0.19644191933509325,
binding_energy_zscan,upper,random,45,3,7995,1998,seeds,none,mean_geom,16.581200044158972,36.71673631408175,-0.05281822542890824,-0.00011415959193428193,
binding_energy_zscan,upper,random,45,3,7995,1998,seeds,mono_basic,gradient_boosting,2.4071941549119193,4.763774612070831,0.9822773906592952,0.9447750015020465,0.9456880774713358
binding_energy_zscan,upper,random,45,3,7995,1998,seeds,mono_stiffness,gradient_boosting,2.3861336968433258,4.109880806159046,0.9868088181698511,0.944522090657175,0.9451264658629468
binding_energy_zscan,upper,random,45,4,7995,1998,seeds,none,mean_arith,18.508243772992213,33.232672851731365,-4.488222626219951e-06,-0.2067954461071435,
binding_energy_zscan,upper,random,45,4,7995,1998,seeds,none,mean_geom,15.693791878717633,34.10867570064891,-0.05341893470861603,-2.914250892604997e-06,
binding_energy_zscan,upper,random,45,4,7995,1998,seeds,mono_basic,gradient_boosting,2.365425864771295,3.411997001489436,0.9894588331821949,0.9432083058604751,0.9477296276834724
binding_energy_zscan,upper,random,45,4,7995,1998,seeds,mono_stiffness,gradient_boosting,2.3350595097196,3.3220854702711806,0.9900070662524874,0.9429463420331854,0.9477040025035249
binding_energy_zscan,upper,monolayer,45,0,7994,1999,seeds,none,mean_arith,18.448522056733463,32.123047972839665,-6.098150553190962e-06,-0.19986176283727075,
binding_energy_zscan,upper,monolayer,45,0,7994,1999,seeds,none,mean_geom,15.673454786948724,33.034336550141276,-0.05754859801817225,-8.847285023283469e-05,
binding_energy_zscan,upper,monolayer,45,0,7994,1999,seeds,mono_basic,gradient_boosting,7.828440522962314,19.988771584337226,0.6127946348474591,0.7342209739872932,0.876818378382425
binding_energy_zscan,upper,monolayer,45,0,7994,1999,seeds,mono_stiffness,gradient_boosting,7.980340421647707,20.32595432314451,0.599621225075022,0.7408390766178072,0.8767733742135095
binding_energy_zscan,upper,monolayer,45,1,7994,1999,seeds,none,mean_arith,20.019745123131127,38.40761368727276,-0.003011733398405436,-0.15677965028409813,
binding_energy_zscan,upper,monolayer,45,1,7994,1999,seeds,none,mean_geom,17.45095210499484,39.50579601518102,-0.061189631329992666,-0.00039574361123628776,
binding_energy_zscan,upper,monolayer,45,1,7994,1999,seeds,mono_basic,gradient_boosting,9.971470366056478,25.951397951813178,0.5420765555085922,0.7191542149879786,0.8492591321502523
binding_energy_zscan,upper,monolayer,45,1,7994,1999,seeds,mono_stiffness,gradient_boosting,9.273948377421517,25.65460643703005,0.5524906875391962,0.7425893524181985,0.8521530495998986
binding_energy_zscan,upper,monolayer,45,2,7995,1998,seeds,none,mean_arith,17.24986298511948,30.990850247160388,-0.0031568577024811972,-0.27055112944294124,
binding_energy_zscan,upper,monolayer,45,2,7995,1998,seeds,none,mean_geom,14.364590548051586,31.569081087810698,-0.04094011349242166,-0.00106376128218022,
binding_energy_zscan,upper,monolayer,45,2,7995,1998,seeds,mono_basic,gradient_boosting,7.825642592202053,19.380319332945124,0.6076951105765067,0.7026289311605018,0.8222636727273523
binding_energy_zscan,upper,monolayer,45,2,7995,1998,seeds,mono_stiffness,gradient_boosting,7.309682719155575,19.043556975467563,0.621210438271995,0.7243066802816305,0.8350769911961192
binding_energy_zscan,upper,monolayer,45,3,7994,1999,seeds,none,mean_arith,16.814909876548636,26.592158839176893,-0.00850944577573709,-0.2818254294581779,
binding_energy_zscan,upper,monolayer,45,3,7994,1999,seeds,none,mean_geom,13.780554472676094,27.08955741347016,-0.046590039067854416,-0.0007056210767597548,
binding_energy_zscan,upper,monolayer,45,3,7994,1999,seeds,mono_basic,gradient_boosting,9.948444138146534,22.728787391306092,0.2632412368085826,0.3678616323334366,0.7272511638876065
binding_energy_zscan,upper,monolayer,45,3,7994,1999,seeds,mono_stiffness,gradient_boosting,9.748142084045906,22.707322017194354,0.26463218955526624,0.36805905935977956,0.7300641552117045
binding_energy_zscan,upper,monolayer,45,4,7995,1998,seeds,none,mean_arith,20.011114579786618,38.431469391585395,-0.003157254466938264,-0.15279944846856086,
binding_energy_zscan,upper,monolayer,45,4,7995,1998,seeds,none,mean_geom,17.48662078182673,39.539542089374315,-0.06183811328900801,-0.000598095487198913,
binding_energy_zscan,upper,monolayer,45,4,7995,1998,seeds,mono_basic,gradient_boosting,9.217207552770024,25.290219371393874,0.5655895820226329,0.7279981901477965,0.8618931866607917
binding_energy_zscan,upper,monolayer,45,4,7995,1998,seeds,mono_stiffness,gradient_boosting,8.9563360883303,24.51512108886355,0.5918092825297757,0.7315191033162662,0.8674089512759032
binding_energy_zscan,upper,family,45,0,7885,2108,seeds,none,mean_arith,19.090288279329563,33.880238323052744,-6.968829215914241e-07,-0.21558428708654875,
binding_energy_zscan,upper,family,45,0,7885,2108,seeds,none,mean_geom,16.229629397023626,34.73792937045431,-0.0512723574318843,-0.0008646383832349169,
binding_energy_zscan,upper,family,45,0,7885,2108,seeds,mono_basic,gradient_boosting,12.625672069825564,29.491733701734013,0.24228131495712446,0.493459885736499,0.8052551720194018
binding_energy_zscan,upper,family,45,0,7885,2108,seeds,mono_stiffness,gradient_boosting,12.966386363985794,31.328223323771383,0.14497478693203858,0.43322345047084676,0.7719453257732507
binding_energy_zscan,upper,family,45,1,7981,2012,seeds,none,mean_arith,17.251718563483795,28.86504873727353,-0.00040213016715973104,-0.1883002921585495,
binding_energy_zscan,upper,family,45,1,7981,2012,seeds,none,mean_geom,14.81405250039126,29.801389786938884,-0.06635805361497082,-0.003021974880423217,
binding_energy_zscan,upper,family,45,1,7981,2012,seeds,mono_basic,gradient_boosting,12.790305704093065,26.153381113493108,0.17873048468746078,0.32474708289249665,0.6760330454952318
binding_energy_zscan,upper,family,45,1,7981,2012,seeds,mono_stiffness,gradient_boosting,12.268858339547577,24.87857705182817,0.25684211264190104,0.39268728191150193,0.7137955018816113
binding_energy_zscan,upper,family,45,2,7980,2013,seeds,none,mean_arith,17.07821322065253,27.525024986662697,-0.007862636543891188,-0.29167877289629196,
binding_energy_zscan,upper,family,45,2,7980,2013,seeds,none,mean_geom,13.931181945319144,27.999518495455227,-0.042910469770579995,-0.0019051408020225313,
binding_energy_zscan,upper,family,45,2,7980,2013,seeds,mono_basic,gradient_boosting,10.997905016824298,24.609737810875117,0.19432502330048318,0.30324850848600327,0.6139916883751222
binding_energy_zscan,upper,family,45,2,7980,2013,seeds,mono_stiffness,gradient_boosting,10.519959733048907,24.266414242820613,0.2166477131978205,0.33371573488169426,0.6554364487968977
binding_energy_zscan,upper,family,45,3,8064,1929,seeds,none,mean_arith,17.564638729867884,31.142496661384172,-0.0038152379912248513,-0.2918590864989936,
binding_energy_zscan,upper,family,45,3,8064,1929,seeds,none,mean_geom,14.358752753554882,31.66279117714582,-0.037636700964505776,-0.0036159892015454886,
binding_energy_zscan,upper,family,45,3,8064,1929,seeds,mono_basic,gradient_boosting,10.565661537518187,23.33348265141809,0.43648424871564373,0.480583524191158,0.7415615262714838
binding_energy_zscan,upper,family,45,3,8064,1929,seeds,mono_stiffness,gradient_boosting,9.916705686403962,21.41932701144987,0.5251476697971165,0.496820750863048,0.7458730271271193
binding_energy_zscan,upper,family,45,4,8062,1931,seeds,none,mean_arith,21.690988476066124,44.44191883240412,-0.012787639306218956,-0.09768522587155926,
binding_energy_zscan,upper,family,45,4,8062,1931,seeds,none,mean_geom,19.50876143760266,45.75899675567816,-0.07370698143261034,-0.005110065558108445,
binding_energy_zscan,upper,family,45,4,8062,1931,seeds,mono_basic,gradient_boosting,21.1499946441026,45.03787723976873,-0.04013237469545117,0.2013259048003111,0.7598823248563513
binding_energy_zscan,upper,family,45,4,8062,1931,seeds,mono_stiffness,gradient_boosting,19.917557292429773,44.102998948756884,0.002600761033598853,0.2556929656902497,0.7548975442911093
distance,upper,random,45,0,8151,2038,seeds,none,mean_arith,0.41619601383462906,0.5484422177167311,-0.00017755956250464777,-0.010395988489419361,
distance,upper,random,45,0,8151,2038,seeds,none,mean_geom,0.42404158832289307,0.5516160304781429,-0.011787027953225504,-2.260426081779343e-05,
distance,upper,random,45,0,8151,2038,seeds,mono_basic,gradient_boosting,0.2505441215243779,0.32761087264759176,0.6431119857858474,0.6835624727860181,0.7722003474078932
distance,upper,random,45,0,8151,2038,seeds,mono_stiffness,gradient_boosting,0.25146637636453034,0.328865293381325,0.6403737077898308,0.6817414032841659,0.7700889022697452
distance,upper,random,45,1,8151,2038,seeds,none,mean_arith,0.410344246973351,0.5413749589190648,-0.0005178041389961585,-0.005090171480015782,
distance,upper,random,45,1,8151,2038,seeds,none,mean_geom,0.424266508580401,0.5470913205490563,-0.02175822747891165,-0.0008974288302352473,
distance,upper,random,45,1,8151,2038,seeds,mono_basic,gradient_boosting,0.24828008595049716,0.31730594082648383,0.6562957515353247,0.6420795979562758,0.7577632690437108
distance,upper,random,45,1,8151,2038,seeds,mono_stiffness,gradient_boosting,0.24897038781283445,0.3178884483694244,0.6550326545447872,0.6393479240122533,0.7556592838678683
distance,upper,random,45,2,8151,2038,seeds,none,mean_arith,0.42495986228196325,0.5740192044019964,-0.0005320462541165139,-0.013081898522303348,
distance,upper,random,45,2,8151,2038,seeds,none,mean_geom,0.43281083839172196,0.5761008081785554,-0.007801794746290058,-0.000976463075994749,
distance,upper,random,45,2,8151,2038,seeds,mono_basic,gradient_boosting,0.23885458822969846,0.3053210463729509,0.7169314353944689,0.7816501679193272,0.7898354985316837
distance,upper,random,45,2,8151,2038,seeds,mono_stiffness,gradient_boosting,0.23983727343707306,0.3074683843871757,0.7129357633324294,0.7798655973698458,0.78631743884989
distance,upper,random,45,3,8151,2038,seeds,none,mean_arith,0.4183735761404121,0.5528931454780904,-0.0005030448229870199,-0.004982267772078552,
distance,upper,random,45,3,8151,2038,seeds,none,mean_geom,0.42813733702899665,0.5580261827143632,-0.01916653836024884,-1.1283102991477278e-05,
distance,upper,random,45,3,8151,2038,seeds,mono_basic,gradient_boosting,0.25906367407701825,0.334232120060234,0.634377957429152,0.617845221288803,0.7415645220347943
distance,upper,random,45,3,8151,2038,seeds,mono_stiffness,gradient_boosting,0.26007312644931974,0.3360489863692777,0.6303921533008519,0.6145113949959873,0.7384496512147279
distance,upper,random,45,4,8152,2037,seeds,none,mean_arith,0.40758621846366916,0.5369184537066709,-6.034401624921415e-05,-0.008889136536135211,
distance,upper,random,45,4,8152,2037,seeds,none,mean_geom,0.41702669705545287,0.5406510934826754,-0.014013451313033887,-4.225977953042914e-05,
distance,upper,random,45,4,8152,2037,seeds,mono_basic,gradient_boosting,0.24290258980879834,0.31912147062679597,0.6467179318574847,0.7229238545375131,0.7671815554907553
distance,upper,random,45,4,8152,2037,seeds,mono_stiffness,gradient_boosting,0.2441093808859498,0.32106677220431534,0.6423977286232896,0.7207692201498567,0.7626218518831651
distance,upper,monolayer,45,0,8151,2038,seeds,none,mean_arith,0.40390310227792997,0.5223971003473454,-0.0005515278738610352,-0.004271551646721772,
distance,upper,monolayer,45,0,8151,2038,seeds,none,mean_geom,0.4149555435455016,0.5283806087937862,-0.023603320490654056,-0.0010040030771334418,
distance,upper,monolayer,45,0,8151,2038,seeds,mono_basic,gradient_boosting,0.282596212845494,0.37413744022197015,0.48678388438264364,0.24472114511579746,0.7602019724002922
distance,upper,monolayer,45,0,8151,2038,seeds,mono_stiffness,gradient_boosting,0.2758188966050728,0.36561447289355026,0.5099000003646169,0.29010897039756944,0.7613825497014334
distance,upper,monolayer,45,1,8151,2038,seeds,none,mean_arith,0.4262841733025071,0.5822167079490552,-0.0003226719972018177,-0.011027872930523985,
distance,upper,monolayer,45,1,8151,2038,seeds,none,mean_geom,0.4350418672987919,0.5843562976373141,-0.007688358021171071,-0.0013703313159592057,
distance,upper,monolayer,45,1,8151,2038,seeds,mono_basic,gradient_boosting,0.28401502086685176,0.37740659773854357,0.5796706078371437,0.5484602086705267,0.730957770968929
distance,upper,monolayer,45,1,8151,2038,seeds,mono_stiffness,gradient_boosting,0.2772946282948319,0.37170132399285644,0.5922828314003012,0.5611661631239955,0.7386891244085884
distance,upper,monolayer,45,2,8152,2037,seeds,none,mean_arith,0.417112031794493,0.5540336906335511,-6.998792109391694e-05,-0.009870513552654447,
distance,upper,monolayer,45,2,8152,2037,seeds,none,mean_geom,0.42636209946059017,0.5574715269926347,-0.012519569367170025,-6.007798585505597e-06,
distance,upper,monolayer,45,2,8152,2037,seeds,mono_basic,gradient_boosting,0.2773632300357999,0.37069281137786514,0.5523007438661449,0.632690782448158,0.7283125095973917
distance,upper,monolayer,45,2,8152,2037,seeds,mono_stiffness,gradient_boosting,0.2736772041155846,0.3675003397325727,0.5599788675688955,0.6390747729889874,0.7295923754820891
distance,upper,monolayer,45,3,8151,2038,seeds,none,mean_arith,0.41228659936851325,0.539132066704036,-0.00013754067514648582,-0.006316588962019143,
distance,upper,monolayer,45,3,8151,2038,seeds,none,mean_geom,0.42263429468226393,0.5442127886818693,-0.01907673749741101,-0.0007014092823816043,
distance,upper,monolayer,45,3,8151,2038,seeds,mono_basic,gradient_boosting,0.3037926121928416,0.46141071769258596,0.26743737421414704,-0.4810346478972969,0.7668350506204513
distance,upper,monolayer,45,3,8151,2038,seeds,mono_stiffness,gradient_boosting,0.29670859979552305,0.44568150715415855,0.31653130110916794,-0.2816054647825421,0.7659689296581116
distance,upper,monolayer,45,4,8151,2038,seeds,none,mean_arith,0.4176372650275743,0.5547837166786262,-3.974481032709143e-05,-0.009478499557283637,
distance,upper,monolayer,45,4,8151,2038,seeds,none,mean_geom,0.4270677327869917,0.5582724114500444,-0.012656564270927095,-3.317436594341139e-05,
distance,upper,monolayer,45,4,8151,2038,seeds,mono_basic,gradient_boosting,0.2926567794287549,0.4053458108862279,0.466147565751452,0.47374140521339747,0.7373466285075773
distance,upper,monolayer,45,4,8151,2038,seeds,mono_stiffness,gradient_boosting,0.29405697775524237,0.4067718263048227,0.4623847494843629,0.4806203745490937,0.7320591656388646
distance,upper,family,45,0,8142,2047,seeds,none,mean_arith,0.4079299403183674,0.5059779713278119,-3.802177531686546e-05,-0.005826909886730958,
distance,upper,family,45,0,8142,2047,seeds,none,mean_geom,0.417624862212659,0.5114718099295193,-0.02187246755299177,-0.0036674144150030674,
distance,upper,family,45,0,8142,2047,seeds,mono_basic,gradient_boosting,0.33513210952785233,0.4297338142411481,0.2786395132783398,0.27365790575001414,0.6211135425066829
distance,upper,family,45,0,8142,2047,seeds,mono_stiffness,gradient_boosting,0.3358472005628021,0.4286005778038251,0.28243904730216574,0.2853539408925879,0.6341539426828603
distance,upper,family,45,1,8132,2057,seeds,none,mean_arith,0.4163176202520881,0.5509233987567098,-0.00022344358575110412,-0.0056410447549204434,
distance,upper,family,45,1,8132,2057,seeds,none,mean_geom,0.4269121013779302,0.5557229145342044,-0.017726780746976978,-2.054317708788389e-05,
distance,upper,family,45,1,8132,2057,seeds,mono_basic,gradient_boosting,0.3470341744942642,0.4648057151719587,0.2880368560495349,0.3250279589537364,0.5806856822007631
distance,upper,family,45,1,8132,2057,seeds,mono_stiffness,gradient_boosting,0.3388738782168489,0.458057642342344,0.30855942658701474,0.331586022918152,0.5738448225430032
distance,upper,family,45,2,8147,2042,seeds,none,mean_arith,0.4100542722129288,0.5589093029395937,-1.9270383844638417e-05,-0.00831834312140578,
distance,upper,family,45,2,8147,2042,seeds,none,mean_geom,0.41933750193060676,0.5629725224299503,-0.014612220153233046,-8.702880279765068e-06,
distance,upper,family,45,2,8147,2042,seeds,mono_basic,gradient_boosting,0.2796327439923275,0.4227824862116395,0.42778443268120214,-0.0602040168688589,0.821114006933846
distance,upper,family,45,2,8147,2042,seeds,mono_stiffness,gradient_boosting,0.2688806744906535,0.3993092517013723,0.48956030878175927,0.21010258752411493,0.8241216069835018
distance,upper,family,45,3,8159,2030,seeds,none,mean_arith,0.43173167697636133,0.5834629781984835,-7.31594118890122e-05,-0.010402637424359318,
distance,upper,family,45,3,8159,2030,seeds,none,mean_geom,0.4397280032663752,0.5862391068898071,-0.00961253660206518,-0.0008317025632349484,
distance,upper,family,45,3,8159,2030,seeds,mono_basic,gradient_boosting,0.33220258998606855,0.45346686258838614,0.3959174716381163,0.3369488994036911,0.6523401103805057
distance,upper,family,45,3,8159,2030,seeds,mono_stiffness,gradient_boosting,0.3226613530907797,0.43772636794784714,0.4371267887124155,0.36434178735189626,0.6586677800177388
distance,upper,family,45,4,8176,2013,seeds,none,mean_arith,0.4112056585897582,0.5524874008163124,-0.0002646283329545973,-0.011217956633590376,
distance,upper,family,45,4,8176,2013,seeds,none,mean_geom,0.4224115663209736,0.5553518497243478,-0.010663542237502543,-0.00016405648430350972,
distance,upper,family,45,4,8176,2013,seeds,mono_basic,gradient_boosting,0.30906624526920673,0.42219152797997306,0.41589734199185835,0.43622358461561583,0.7145236392898016
distance,upper,family,45,4,8176,2013,seeds,mono_stiffness,gradient_boosting,0.3106099517576811,0.4096097806549935,0.4501923345239647,0.47315065582427207,0.7165571641592567
binding_energy_zscan,upper,random,46,0,7994,1999,seeds,none,mean_arith,18.18205711777401,33.37813741384993,-4.401519462948755e-05,-0.21070813900801544,
binding_energy_zscan,upper,random,46,0,7994,1999,seeds,none,mean_geom,15.48551955522312,34.225486227557354,-0.051463428813318446,-5.579591042526033e-06,
binding_energy_zscan,upper,random,46,0,7994,1999,seeds,mono_basic,gradient_boosting,2.421758557505629,4.547393000488599,0.9814382082223411,0.9444675659517907,0.9484865055303202
binding_energy_zscan,upper,random,46,0,7994,1999,seeds,mono_stiffness,gradient_boosting,2.3961655076781843,3.878100462889188,0.9865000229768202,0.9441432204123742,0.9480451816258739
binding_energy_zscan,upper,random,46,1,7994,1999,seeds,none,mean_arith,19.444331647892312,36.15387361151019,-0.0013657416371408715,-0.16750625038673617,
binding_energy_zscan,upper,random,46,1,7994,1999,seeds,none,mean_geom,16.833831100641078,37.20210475279557,-0.06027392500004858,-0.00039430493653180854,
binding_energy_zscan,upper,random,46,1,7994,1999,seeds,mono_basic,gradient_boosting,2.421994268457448,3.2070665575236634,0.9921204937437619,0.9414416245302172,0.9406365556055437
binding_energy_zscan,upper,random,46,1,7994,1999,seeds,mono_stiffness,gradient_boosting,2.4288235076200637,3.2404537533487745,0.9919555804287412,0.9411731851715233,0.940958863155947
binding_energy_zscan,upper,random,46,2,7994,1999,seeds,none,mean_arith,18.47634865842177,32.992699974052215,-5.1297945664385836e-05,-0.21529164331962658,
binding_energy_zscan,upper,random,46,2,7994,1999,seeds,none,mean_geom,15.67938924425938,33.83861204698603,-0.05199008138327432,-0.00011026389406443293,
binding_energy_zscan,upper,random,46,2,7994,1999,seeds,mono_basic,gradient_boosting,2.387276692050793,3.4754363602652627,0.988903008757932,0.9390780085566002,0.9439702339578974
binding_energy_zscan,upper,random,46,2,7994,1999,seeds,mono_stiffness,gradient_boosting,2.3796034544556806,3.410167065266005,0.9893159017294759,0.9381185904639145,0.9434104383920643
binding_energy_zscan,upper,random,46,3,7995,1998,seeds,none,mean_arith,19.026199147046185,35.08244948938428,-0.00044337574297448334,-0.18482454857569452,
binding_energy_zscan,upper,random,46,3,7995,1998,seeds,none,mean_geom,16.36778379569228,36.05803107734857,-0.05685818001152754,-0.00010603757778837597,
binding_energy_zscan,upper,random,46,3,7995,1998,seeds,mono_basic,gradient_boosting,2.4839683162809196,3.7381282732983885,0.9886414970316972,0.9426928189164165,0.945951612947667
binding_energy_zscan,upper,random,46,3,7995,1998,seeds,mono_stiffness,gradient_boosting,2.443089000462245,3.6536551046564916,0.9891490492286504,0.9430721399355306,0.9457593749755043
binding_energy_zscan,upper,random,46,4,7995,1998,seeds,none,mean_arith,17.41530838623189,30.10398446807153,-0.002891128614410432,-0.2622107467354653,
binding_energy_zscan,upper,random,46,4,7995,1998,seeds,none,mean_geom,14.390098749541417,30.73065146346119,-0.04507957794601647,-0.0005758120851677706,
binding_energy_zscan,upper,random,46,4,7995,1998,seeds,mono_basic,gradient_boosting,2.4793764203939177,4.764676489336522,0.9748769325750781,0.9334361552826916,0.9416549863548567
binding_energy_zscan,upper,random,46,4,7995,1998,seeds,mono_stiffness,gradient_boosting,2.460608512334983,4.666836970643104,0.9758981107484216,0.9324198531539695,0.9405120627528282
binding_energy_zscan,upper,monolayer,46,0,7996,1997,seeds,none,mean_arith,18.380209202503018,32.23714964410126,-3.6206166026397923e-05,-0.20569738030750195,
binding_energy_zscan,upper,monolayer,46,0,7996,1997,seeds,none,mean_geom,15.608701120798806,33.12090841182603,-0.055618354465334585,-2.8902760040860898e-05,
binding_energy_zscan,upper,monolayer,46,0,7996,1997,seeds,mono_basic,gradient_boosting,7.8476356767248685,21.33419950722762,0.5620191142186748,0.7714708145148308,0.9000219022383592
binding_energy_zscan,upper,monolayer,46,0,7996,1997,seeds,mono_stiffness,gradient_boosting,7.917002089656874,20.275010636127647,0.6044288272873417,0.7705260423190757,0.8921212888279837
binding_energy_zscan,upper,monolayer,46,1,7994,1999,seeds,none,mean_arith,20.03996291411646,36.781871817046685,-0.003672987856595533,-0.14553992184429632,
binding_energy_zscan,upper,monolayer,46,1,7994,1999,seeds,none,mean_geom,17.468011562374688,37.95710491232251,-0.06883518858557736,-0.0013139431535345025,
binding_energy_zscan,upper,monolayer,46,1,7994,1999,seeds,mono_basic,gradient_boosting,8.301385222022045,21.375910986917845,0.6610201778272662,0.7767595752218297,0.8379300197161909
binding_energy_zscan,upper,monolayer,46,1,7994,1999,seeds,mono_stiffness,gradient_boosting,8.359609098373204,22.06703176746243,0.6387462006490424,0.7832363678800545,0.8587483019775689
binding_energy_zscan,upper,monolayer,46,2,7993,2000,seeds,none,mean_arith,17.077780586433736,31.374836270867775,-0.004002272614181068,-0.28467847435257787,
binding_energy_zscan,upper,monolayer,46,2,7993,2000,seeds,none,mean_geom,14.167524657496509,31.892323407697127,-0.037394828097155,-0.001401661796733178,
binding_energy_zscan,upper,monolayer,46,2,7993,2000,seeds,mono_basic,gradient_boosting,7.167591798952124,20.231009848783813,0.582547676536793,0.6662154296882818,0.8189813134114929
binding_energy_zscan,upper,monolayer,46,2,7993,2000,seeds,mono_stiffness,gradient_boosting,7.291745684390015,19.60749615360529,0.6078826702003304,0.6797872025605097,0.8299236406955196
binding_energy_zscan,upper,monolayer,46,3,7995,1998,seeds,none,mean_arith,17.467001475041148,30.83156167030364,-0.002067128892492942,-0.25114630621943035,
binding_energy_zscan,upper,monolayer,46,3,7995,1998,seeds,none,mean_geom,14.585845003257397,31.492817404448516,-0.04551146665603656,-0.0003351041966570545,
binding_energy_zscan,upper,monolayer,46,3,7995,1998,seeds,mono_basic,gradient_boosting,11.742777090809918,28.26909195101706,0.1575784132454039,0.33099765926762514,0.743666087557084
binding_energy_zscan,upper,monolayer,46,3,7995,1998,seeds,mono_stiffness,gradient_boosting,10.614277380108783,24.87256013693166,0.3478511253853269,0.38125630101872143,0.7355880576799377
binding_energy_zscan,upper,monolayer,46,4,7994,1999,seeds,none,mean_arith,19.551656198792088,36.36418534390563,-0.0013805542522640213,-0.1707482189407301,
binding_energy_zscan,upper,monolayer,46,4,7994,1999,seeds,none,mean_geom,16.925277855737022,37.401154100020314,-0.05930600805347641,-8.049241346808067e-05,
binding_energy_zscan,upper,monolayer,46,4,7994,1999,seeds,mono_basic,gradient_boosting,8.676667120591521,24.361307910667325,0.5505797568975924,0.7300286808023106,0.8808705468726015
binding_energy_zscan,upper,monolayer,46,4,7994,1999,seeds,mono_stiffness,gradient_boosting,8.684326818981473,24.95094252270177,0.5285611813329694,0.7442682385410998,0.8933257235671226
binding_energy_zscan,upper,family,46,0,7885,2108,seeds,none,mean_arith,19.090288279329563,33.880238323052744,-6.968829215914241e-07,-0.21558428708654875,
binding_energy_zscan,upper,family,46,0,7885,2108,seeds,none,mean_geom,16.229629397023626,34.73792937045431,-0.0512723574318843,-0.0008646383832349169,
binding_energy_zscan,upper,family,46,0,7885,2108,seeds,mono_basic,gradient_boosting,13.135894515143548,31.179313749966386,0.15308369538110478,0.4391531379351523,0.7765953040418114
binding_energy_zscan,upper,family,46,0,7885,2108,seeds,mono_stiffness,gradient_boosting,13.332250341528622,31.926785226903124,0.11199017492608543,0.37790467633371194,0.7304805540484265
binding_energy_zscan,upper,family,46,1,7981,2012,seeds,none,mean_arith,17.251718563483795,28.86504873727353,-0.00040213016715973104,-0.1883002921585495,
binding_energy_zscan,upper,family,46,1,7981,2012,seeds,none,mean_geom,14.81405250039126,29.801389786938884,-0.06635805361497082,-0.003021974880423217,
binding_energy_zscan,upper,family,46,1,7981,2012,seeds,mono_basic,gradient_boosting,12.580190218908998,26.006958648904615,0.18790067062922333,0.3240584190090975,0.6896013538867881
binding_energy_zscan,upper,family,46,1,7981,2012,seeds,mono_stiffness,gradient_boosting,13.206726773966272,27.17187044335815,0.11351970183290305,0.2804649780906009,0.7063461630198328
binding_energy_zscan,upper,family,46,2,7980,2013,seeds,none,mean_arith,17.07821322065253,27.525024986662697,-0.007862636543891188,-0.29167877289629196,
binding_energy_zscan,upper,family,46,2,7980,2013,seeds,none,mean_geom,13.931181945319144,27.999518495455227,-0.042910469770579995,-0.0019051408020225313,
binding_energy_zscan,upper,family,46,2,7980,2013,seeds,mono_basic,gradient_boosting,11.112773488000549,26.22256040886457,0.08526332734670905,0.28639538867892,0.6513795902943901
binding_energy_zscan,upper,family,46,2,7980,2013,seeds,mono_stiffness,gradient_boosting,10.937275082366904,24.996386446786293,0.16880989945227243,0.3375043463294072,0.6433798578785604
binding_energy_zscan,upper,family,46,3,8064,1929,seeds,none,mean_arith,17.564638729867884,31.142496661384172,-0.0038152379912248513,-0.2918590864989936,
binding_energy_zscan,upper,family,46,3,8064,1929,seeds,none,mean_geom,14.358752753554882,31.66279117714582,-0.037636700964505776,-0.0036159892015454886,
binding_energy_zscan,upper,family,46,3,8064,1929,seeds,mono_basic,gradient_boosting,9.806232220690179,22.014390764452962,0.49839682923472794,0.5270914397549499,0.7523393513585335
binding_energy_zscan,upper,family,46,3,8064,1929,seeds,mono_stiffness,gradient_boosting,9.960443749183268,21.052663671639806,0.5412658882640209,0.4799146267149962,0.7166732870235131
binding_energy_zscan,upper,family,46,4,8062,1931,seeds,none,mean_arith,21.690988476066124,44.44191883240412,-0.012787639306218956,-0.09768522587155926,
binding_energy_zscan,upper,family,46,4,8062,1931,seeds,none,mean_geom,19.50876143760266,45.75899675567816,-0.07370698143261034,-0.005110065558108445,
binding_energy_zscan,upper,family,46,4,8062,1931,seeds,mono_basic,gradient_boosting,20.904086972165796,44.892001239710595,-0.033405386872295884,0.1825056113946032,0.7327510789837336
binding_energy_zscan,upper,family,46,4,8062,1931,seeds,mono_stiffness,gradient_boosting,20.64498168580183,44.611198139399896,-0.020517751298702258,0.22195117605795667,0.7435352358007186
distance,upper,random,46,0,8151,2038,seeds,none,mean_arith,0.4201906650478662,0.5521158139412046,-9.486426405524995e-06,-0.007707062955758515,
distance,upper,random,46,0,8151,2038,seeds,none,mean_geom,0.42909817257669775,0.5562558378437318,-0.015062796407841583,-6.544903487615272e-06,
distance,upper,random,46,0,8151,2038,seeds,mono_basic,gradient_boosting,0.25130923312724274,0.32781197369876947,0.6474721989805079,0.6938629335047239,0.762777112140532
distance,upper,random,46,0,8151,2038,seeds,mono_stiffness,gradient_boosting,0.25255070125270734,0.32988370217372975,0.6430022602680763,0.6919686312361807,0.7594113704901759
distance,upper,random,46,1,8151,2038,seeds,none,mean_arith,0.4112965539047541,0.5411985506086573,-0.0005429378669612461,-0.004927191640400341,
distance,upper,random,46,1,8151,2038,seeds,none,mean_geom,0.4228896692079447,0.5470236437656555,-0.022197177351296338,-0.0012371325401761002,
distance,upper,random,46,1,8151,2038,seeds,mono_basic,gradient_boosting,0.2440168726884287,0.3178492178753132,0.6548842532629334,0.6455472809027808,0.7779567365653284
distance,upper,random,46,1,8151,2038,seeds,mono_stiffness,gradient_boosting,0.24478202422654136,0.3193906016986996,0.6515289159683793,0.642409334156866,0.7756021455375829
distance,upper,random,46,2,8151,2038,seeds,none,mean_arith,0.40921075920815236,0.5472059116811339,-0.0007317430504858446,-0.01056098136838024,
distance,upper,random,46,2,8151,2038,seeds,none,mean_geom,0.41832685705424594,0.5493114752886988,-0.008447881343696784,-0.0005749092379621068,
distance,upper,random,46,2,8151,2038,seeds,mono_basic,gradient_boosting,0.24557261078850973,0.31236700605508116,0.6739032844439277,0.6162967042623806,0.7641490412453081
distance,upper,random,46,2,8151,2038,seeds,mono_stiffness,gradient_boosting,0.24706538564691186,0.31456764782484414,0.6692923627935579,0.6133384372336463,0.7605137409687824
distance,upper,random,46,3,8151,2038,seeds,none,mean_arith,0.4221982444280808,0.5585721420550424,-8.843572756922491e-05,-0.009960237283104245,
distance,upper,random,46,3,8151,2038,seeds,none,mean_geom,0.43235251832989174,0.5618005564294025,-0.011682391806464798,-0.00010152388668793755,
distance,upper,random,46,3,8151,2038,seeds,mono_basic,gradient_boosting,0.24582476177172727,0.31750235662526,0.6768726138709495,0.7334239015419168,0.7780324084088481
distance,upper,random,46,3,8151,2038,seeds,mono_stiffness,gradient_boosting,0.24691719767204073,0.31920852840989367,0.6733904845880789,0.7314358035322432,0.7748464748546833
distance,upper,random,46,4,8152,2037,seeds,none,mean_arith,0.41430671600035823,0.555113732211782,-0.00010708282721827445,-0.007250036329019549,
distance,upper,random,46,4,8152,2037,seeds,none,mean_geom,0.42339226090197013,0.5596229678621889,-0.016420982704707487,-1.1946201345480745e-05,
distance,upper,random,46,4,8152,2037,seeds,mono_basic,gradient_boosting,0.25256161909328495,0.32532183847716517,0.6565140343529192,0.7302450751393934,0.7499075977803401
distance,upper,random,46,4,8152,2037,seeds,mono_stiffness,gradient_boosting,0.25285569474302455,0.32580408371539066,0.6554949374194299,0.7287117991232854,0.7485516209928219
distance,upper,monolayer,46,0,8151,2038,seeds,none,mean_arith,0.4093368086980208,0.5409370371324292,-4.313410770784287e-05,-0.00720847366225108,
distance,upper,monolayer,46,0,8151,2038,seeds,none,mean_geom,0.4199499838088668,0.5454623329537102,-0.016845164900765708,-9.116579030665761e-05,
distance,upper,monolayer,46,0,8151,2038,seeds,mono_basic,gradient_boosting,0.25425400304045653,0.32374234591863604,0.6418010442538788,0.646928746087786,0.7553537705907598
distance,upper,monolayer,46,0,8151,2038,seeds,mono_stiffness,gradient_boosting,0.2474490107295236,0.3162957831868295,0.658089765687422,0.6773328221050335,0.7584144000256412
distance,upper,monolayer,46,1,8151,2038,seeds,none,mean_arith,0.423003113495105,0.5714277507190606,-0.0007640064643383848,-0.01300792386503602,
distance,upper,monolayer,46,1,8151,2038,seeds,none,mean_geom,0.4319571927911386,0.5731713170365765,-0.006880476894471688,-0.0013750485873260665,
distance,upper,monolayer,46,1,8151,2038,seeds,mono_basic,gradient_boosting,0.25594196708950095,0.34925491152026794,0.6261528566274832,0.49655319734218284,0.7791520137182932
distance,upper,monolayer,46,1,8151,2038,seeds,mono_stiffness,gradient_boosting,0.2595195368077442,0.3504088393255872,0.6236784160192932,0.5033212162830374,0.7738818409550587
distance,upper,monolayer,46,2,8152,2037,seeds,none,mean_arith,0.4141693444547176,0.546365902412448,-7.456149859885741e-05,-0.006961860348449367,
distance,upper,monolayer,46,2,8152,2037,seeds,none,mean_geom,0.42444194856748013,0.551111284971442,-0.017522010420975453,-0.0003735529055293174,
distance,upper,monolayer,46,2,8152,2037,seeds,mono_basic,gradient_boosting,0.2753347723414228,0.36711786110750916,0.5484807890617115,0.5807835908011867,0.7428526576786101
distance,upper,monolayer,46,2,8152,2037,seeds,mono_stiffness,gradient_boosting,0.277292958401225,0.3802141224762129,0.5156919449207387,0.5666834555577414,0.7388180077085629
distance,upper,monolayer,46,3,8151,2038,seeds,none,mean_arith,0.41731288957249996,0.5559157267413363,-4.595287661501857e-07,-0.00755161695720874,
distance,upper,monolayer,46,3,8151,2038,seeds,none,mean_geom,0.42676231039965584,0.5596005184369955,-0.013301056077544837,-9.533174731291005e-05,
distance,upper,monolayer,46,3,8151,2038,seeds,mono_basic,gradient_boosting,0.3148572583429459,0.4945325031545614,0.20864388846466964,-0.4360558069122711,0.7671945720718485
distance,upper,monolayer,46,3,8151,2038,seeds,mono_stiffness,gradient_boosting,0.31869263151418664,0.4986196776608186,0.1955091551219581,-0.5079425578142327,0.7628490498475364
distance,upper,monolayer,46,4,8151,2038,seeds,none,mean_arith,0.4133669982517076,0.5390517413019502,-0.00021465978908974392,-0.005901847218324985,
distance,upper,monolayer,46,4,8151,2038,seeds,none,mean_geom,0.4229226679032807,0.5443429040207396,-0.019946614560222953,-0.0008888195773066876,
distance,upper,monolayer,46,4,8151,2038,seeds,mono_basic,gradient_boosting,0.29811676825355293,0.3990289408997207,0.45192360244476704,0.43686970257084456,0.71255376976246
distance,upper,monolayer,46,4,8151,2038,seeds,mono_stiffness,gradient_boosting,0.29839393454220187,0.41155072119002734,0.4169859201601396,0.3678031350354797,0.7222719651365127
distance,upper,family,46,0,8142,2047,seeds,none,mean_arith,0.4079299403183674,0.5059779713278119,-3.802177531686546e-05,-0.005826909886730958,
distance,upper,family,46,0,8142,2047,seeds,none,mean_geom,0.417624862212659,0.5114718099295193,-0.02187246755299177,-0.0036674144150030674,
distance,upper,family,46,0,8142,2047,seeds,mono_basic,gradient_boosting,0.32330893314641507,0.41152242417838386,0.3384840745816956,0.34013109961748655,0.6243599451925218
distance,upper,family,46,0,8142,2047,seeds,mono_stiffness,gradient_boosting,0.33772608392281345,0.4252792540383197,0.29351704479147545,0.30209460882384276,0.6178768152555866
distance,upper,family,46,1,8132,2057,seeds,none,mean_arith,0.4163176202520881,0.5509233987567098,-0.00022344358575110412,-0.0056410447549204434,
distance,upper,family,46,1,8132,2057,seeds,none,mean_geom,0.4269121013779302,0.5557229145342044,-0.017726780746976978,-2.054317708788389e-05,
distance,upper,family,46,1,8132,2057,seeds,mono_basic,gradient_boosting,0.3304389695170712,0.4378637813310987,0.36818106109413606,0.3834645551738576,0.5876849209753896
distance,upper,family,46,1,8132,2057,seeds,mono_stiffness,gradient_boosting,0.34059241475621843,0.45994688456501864,0.3028440209448118,0.32953022458400905,0.5736582892911413
distance,upper,family,46,2,8147,2042,seeds,none,mean_arith,0.4100542722129288,0.5589093029395937,-1.9270383844638417e-05,-0.00831834312140578,
distance,upper,family,46,2,8147,2042,seeds,none,mean_geom,0.41933750193060676,0.5629725224299503,-0.014612220153233046,-8.702880279765068e-06,
distance,upper,family,46,2,8147,2042,seeds,mono_basic,gradient_boosting,0.26723486502246274,0.39775593137980064,0.4935238242283112,0.20672889913400339,0.8219317390637947
distance,upper,family,46,2,8147,2042,seeds,mono_stiffness,gradient_boosting,0.2708337443294877,0.4022037765492111,0.4821333064511856,-0.05671061084649076,0.828950415799491
distance,upper,family,46,3,8159,2030,seeds,none,mean_arith,0.43173167697636133,0.5834629781984835,-7.31594118890122e-05,-0.010402637424359318,
distance,upper,family,46,3,8159,2030,seeds,none,mean_geom,0.4397280032663752,0.5862391068898071,-0.00961253660206518,-0.0008317025632349484,
distance,upper,family,46,3,8159,2030,seeds,mono_basic,gradient_boosting,0.32539841566642824,0.44149050118944677,0.4274045526286837,0.349012602116206,0.6670441946744365
distance,upper,family,46,3,8159,2030,seeds,mono_stiffness,gradient_boosting,0.31734125546779557,0.4292757231843182,0.4586504006560056,0.3711052959328818,0.6714643162855518
distance,upper,family,46,4,8176,2013,seeds,none,mean_arith,0.4112056585897582,0.5524874008163124,-0.0002646283329545973,-0.011217956633590376,
distance,upper,family,46,4,8176,2013,seeds,none,mean_geom,0.4224115663209736,0.5553518497243478,-0.010663542237502543,-0.00016405648430350972,
distance,upper,family,46,4,8176,2013,seeds,mono_basic,gradient_boosting,0.298936337816429,0.40852524760861025,0.45309995642375744,0.48953526997090624,0.7078077958044263
distance,upper,family,46,4,8176,2013,seeds,mono_stiffness,gradient_boosting,0.31039461468744217,0.418533751852475,0.42597457688565554,0.4429786011545893,0.7104240647290001
binding_energy_zscan,none,random,42,0,8132,2034,sens_none,none,mean_arith,33.79332871434852,99.95652048621967,-9.117769673738785e-05,-0.48050485706392476,
binding_energy_zscan,none,random,42,0,8132,2034,sens_none,none,mean_geom,25.147255454472706,101.20827480333156,-0.025296277072129225,-3.505875301845762e-05,
binding_energy_zscan,none,random,42,0,8132,2034,sens_none,mono_stiffness,gradient_boosting,3.711778484832928,22.387973739611756,0.9498296750202685,0.9388940419380343,0.947913846535295
binding_energy_zscan,none,random,42,1,8133,2033,sens_none,none,mean_arith,37.696002834713674,146.9993963160076,-0.0009388475229019644,-0.4010195681191038,
binding_energy_zscan,none,random,42,1,8133,2033,sens_none,none,mean_geom,29.69003636044984,148.3216328524845,-0.01902640688063517,-4.859573238968906e-05,
binding_energy_zscan,none,random,42,1,8133,2033,sens_none,mono_stiffness,gradient_boosting,3.7966848044083665,21.758475578958432,0.9780702655636764,0.9585161207903325,0.9458034786013735
binding_energy_zscan,none,random,42,2,8133,2033,sens_none,none,mean_arith,38.21070635781225,226.05460672117394,-0.0004566086667816549,-0.4759565521210096,
binding_energy_zscan,none,random,42,2,8133,2033,sens_none,none,mean_geom,29.960605300581207,226.92246611267544,-0.008153176869073686,-0.0007279199078935594,
binding_energy_zscan,none,random,42,2,8133,2033,sens_none,mono_stiffness,gradient_boosting,7.382145802201484,177.52351872414147,0.3830026074230125,0.92913634140735,0.9456097020608133
binding_energy_zscan,none,random,42,3,8133,2033,sens_none,none,mean_arith,30.21575623105089,59.403231167492656,-0.009517345797335652,-0.6051688064554486,
binding_energy_zscan,none,random,42,3,8133,2033,sens_none,none,mean_geom,20.90607341491987,60.3345419532147,-0.04141945945362635,-4.996761554076912e-06,
binding_energy_zscan,none,random,42,3,8133,2033,sens_none,mono_stiffness,gradient_boosting,2.644045682751725,4.8037174646069545,0.9933984098172732,0.9518081940170025,0.9452695905804009
binding_energy_zscan,none,random,42,4,8133,2033,sens_none,none,mean_arith,32.32216350404006,72.92666660414834,-0.0012813295920584,-0.5209625219522898,
binding_energy_zscan,none,random,42,4,8133,2033,sens_none,none,mean_geom,23.49590268252289,74.32668857751379,-0.040094886470472435,-0.00013919091913883186,
binding_energy_zscan,none,random,42,4,8133,2033,sens_none,mono_stiffness,gradient_boosting,3.651043582569772,20.006740398855825,0.9246408370031967,0.949150937366888,0.9449457236698953
binding_energy_zscan,none,monolayer,42,0,8133,2033,sens_none,none,mean_arith,36.36326203216537,193.49011638955176,-0.00023418325723834066,-0.47739660024990704,
binding_energy_zscan,none,monolayer,42,0,8133,2033,sens_none,none,mean_geom,28.183816632810785,194.39520583574006,-0.009613667706430684,-0.00011845380315400611,
binding_energy_zscan,none,monolayer,42,0,8133,2033,sens_none,mono_stiffness,gradient_boosting,20.588944988939396,190.41617152923678,0.03129446992215401,0.5558415271317796,0.8168396518665738
binding_energy_zscan,none,monolayer,42,1,8132,2034,sens_none,none,mean_arith,29.188961815350225,51.992300518829005,-0.02261981111610445,-0.6508557138533817,
binding_energy_zscan,none,monolayer,42,1,8132,2034,sens_none,none,mean_geom,19.71469466431611,52.455377631460344,-0.04091716300863579,-0.00025776941678090637,
binding_energy_zscan,none,monolayer,42,1,8132,2034,sens_none,mono_stiffness,gradient_boosting,11.177666352176306,39.30857361088772,0.41546475375068026,0.7226650579888798,0.8478246325055667
binding_energy_zscan,none,monolayer,42,2,8133,2033,sens_none,none,mean_arith,43.385688723099214,208.72903521652253,-0.00415633013482597,-0.28623870279737607,
binding_energy_zscan,none,monolayer,42,2,8133,2033,sens_none,none,mean_geom,36.533411884933194,210.10827412423745,-0.01747069517359634,-0.0015345590702964262,
binding_energy_zscan,none,monolayer,42,2,8133,2033,sens_none,mono_stiffness,gradient_boosting,26.564986747316063,201.83944786235006,0.061038689130705426,0.6529487199860524,0.8498755841697532
binding_energy_zscan,none,monolayer,42,3,8133,2033,sens_none,none,mean_arith,30.308933403231126,56.052975366526915,-0.013822212275047985,-0.6446932172882744,
binding_energy_zscan,none,monolayer,42,3,8133,2033,sens_none,none,mean_geom,20.606864547840647,56.805381243275384,-0.04122219961651896,-0.0008821128795299948,
binding_energy_zscan,none,monolayer,42,3,8133,2033,sens_none,mono_stiffness,gradient_boosting,14.625137508439158,35.941023630323386,0.5831830750958461,0.48110367988308744,0.7265493230665246
binding_energy_zscan,none,monolayer,42,4,8133,2033,sens_none,none,mean_arith,33.01939801474695,69.1104902684892,-0.0009321343217909561,-0.4829803237667787,
binding_energy_zscan,none,monolayer,42,4,8133,2033,sens_none,none,mean_geom,24.1607693779229,70.68704129250585,-0.047119609093177806,-0.00014182621359681846,
binding_energy_zscan,none,monolayer,42,4,8133,2033,sens_none,mono_stiffness,gradient_boosting,22.20484056651616,71.61405267212535,-0.07476418862108236,0.3578630341958836,0.7758058324790198
binding_energy_zscan,none,family,42,0,8075,2091,sens_none,none,mean_arith,28.366366066298344,60.23780469914857,-0.029292528510709515,-0.8920683437564956,
binding_energy_zscan,none,family,42,0,8075,2091,sens_none,none,mean_geom,18.02556604147222,59.95054019017962,-0.019498871829684905,-0.007425455118665214,
binding_energy_zscan,none,family,42,0,8075,2091,sens_none,mono_stiffness,gradient_boosting,13.402117649545731,55.41462592517138,0.128937414742052,0.5438996587370961,0.82261973296644
binding_energy_zscan,none,family,42,1,8143,2023,sens_none,none,mean_arith,34.85063470126984,189.18931652047502,-4.850037811587882e-06,-0.5203517512908569,
binding_energy_zscan,none,family,42,1,8143,2023,sens_none,none,mean_geom,26.193286112055144,189.94494900613464,-0.00800895080315911,-0.00014746347694849504,
binding_energy_zscan,none,family,42,1,8143,2023,sens_none,mono_stiffness,gradient_boosting,23.99202751991053,186.07498452055333,0.03264724485029846,0.32271312885469217,0.6923275403106225
binding_energy_zscan,none,family,42,2,8109,2057,sens_none,none,mean_arith,34.53008253899276,67.05093473441731,-2.438110893288048e-05,-0.38765727815422,
binding_energy_zscan,none,family,42,2,8109,2057,sens_none,none,mean_geom,25.935959166892758,69.19240635608263,-0.06492196434924535,-0.002291524340704898,
binding_energy_zscan,none,family,42,2,8109,2057,sens_none,mono_stiffness,gradient_boosting,24.837153751362642,69.06174895641358,-0.06090393486660739,0.35934742377300777,0.763776708653474
binding_energy_zscan,none,family,42,3,8185,1981,sens_none,none,mean_arith,40.1006518997941,206.82680195583856,-0.0016109374948172217,-0.406205771570475,
binding_energy_zscan,none,family,42,3,8185,1981,sens_none,none,mean_geom,32.51061528547212,207.97172679937526,-0.012730804967094667,-6.554468079400522e-11,
binding_energy_zscan,none,family,42,3,8185,1981,sens_none,mono_stiffness,gradient_boosting,24.99501108190057,202.70785684813225,0.03788587888397699,0.4942284293525555,0.7359558280823968
binding_energy_zscan,none,family,42,4,8152,2014,sens_none,none,mean_arith,34.79254719052693,77.85845585642,-0.0003736329261094795,-0.39167270540165555,
binding_energy_zscan,none,family,42,4,8152,2014,sens_none,none,mean_geom,26.946828515199794,79.89322627169061,-0.05334486535707694,-0.0013004024685199234,
binding_energy_zscan,none,family,42,4,8152,2014,sens_none,mono_stiffness,gradient_boosting,22.417651384025607,70.83353909862633,0.1720034133284255,0.45881172001115145,0.698985268274524
distance,none,random,42,0,8151,2038,sens_none,none,mean_arith,0.42915057461190476,0.5811234833452984,-3.309236195958576e-06,-0.009309697371428838,
distance,none,random,42,0,8151,2038,sens_none,none,mean_geom,0.4390092885187494,0.5845734448052768,-0.011912012703606534,-0.00044460852731842415,
distance,none,random,42,0,8151,2038,sens_none,mono_stiffness,gradient_boosting,0.2535986908912584,0.33389940063649715,0.6698617349418112,0.728086208598461,0.7551180518076679
distance,none,random,42,1,8151,2038,sens_none,none,mean_arith,0.4182168718874057,0.5397494020066955,-0.0013826827053975421,-0.0032237550902829426,
distance,none,random,42,1,8151,2038,sens_none,none,mean_geom,0.42893020934863857,0.5464905047609012,-0.026552058099200915,-0.0018790318655490523,
distance,none,random,42,1,8151,2038,sens_none,mono_stiffness,gradient_boosting,0.248671607177389,0.31771106346165057,0.6530391975759359,0.7022418038398826,0.7694730836732463
distance,none,random,42,2,8151,2038,sens_none,none,mean_arith,0.41662817590343293,0.5485042522338834,-1.328874308814676e-06,-0.008152017598125116,
distance,none,random,42,2,8151,2038,sens_none,none,mean_geom,0.42623258225900995,0.5526911753648998,-0.015326310647886254,-0.00010694506003483539,
distance,none,random,42,2,8151,2038,sens_none,mono_stiffness,gradient_boosting,0.24917106952423657,0.32801349253746553,0.6423781904277713,0.6404675384356753,0.7563725866068842
distance,none,random,42,3,8151,2038,sens_none,none,mean_arith,0.40513589790451965,0.5430633371353549,-0.004257202415156591,-0.020337334465380996,
distance,none,random,42,3,8151,2038,sens_none,none,mean_geom,0.4116007225040305,0.5428234632690292,-0.003370227216621391,-0.0021143701842452067,
distance,none,random,42,3,8151,2038,sens_none,mono_stiffness,gradient_boosting,0.245948375211538,0.3152574197631928,0.6615655062848331,0.7444221388992837,0.7698058806924378
distance,none,random,42,4,8152,2037,sens_none,none,mean_arith,0.40850899171462063,0.5412978681225693,-0.0006332686788348418,-0.004371379754624982,
distance,none,random,42,4,8152,2037,sens_none,none,mean_geom,0.42051383024212047,0.5469299131946848,-0.021564184701988953,-0.0002557197682058199,
distance,none,random,42,4,8152,2037,sens_none,mono_stiffness,gradient_boosting,0.24330955068344337,0.31269437591875987,0.6660799897496967,0.6056472220773816,0.7681520123618868
distance,none,monolayer,42,0,8151,2038,sens_none,none,mean_arith,0.4069218899242015,0.5324192673255186,-0.00011923026607307818,-0.006290560344085261,
distance,none,monolayer,42,0,8151,2038,sens_none,none,mean_geom,0.41752860622364263,0.5374366609180116,-0.01905782363679931,-0.0004452764665061615,
distance,none,monolayer,42,0,8151,2038,sens_none,mono_stiffness,gradient_boosting,0.2685807980464865,0.3492007198073944,0.5697761210967875,0.6093266303064576,0.7296856574874611
distance,none,monolayer,42,1,8151,2038,sens_none,none,mean_arith,0.4216437572607557,0.5675399941796647,-0.00018459438910278791,-0.011337557829678158,
distance,none,monolayer,42,1,8151,2038,sens_none,none,mean_geom,0.43167679104610673,0.5704325894679475,-0.010405907484193344,-0.0001975521256123436,
distance,none,monolayer,42,1,8151,2038,sens_none,mono_stiffness,gradient_boosting,0.27135592592893915,0.35973898906022417,0.5981516051938369,0.6093053415575209,0.7628603565088544
distance,none,monolayer,42,2,8152,2037,sens_none,none,mean_arith,0.41092510625964407,0.5368244233534754,-7.73650361722833e-05,-0.00664091689192059,
distance,none,monolayer,42,2,8152,2037,sens_none,none,mean_geom,0.42061409299121844,0.5417445618528154,-0.0184933232667861,-0.0006358909878649843,
distance,none,monolayer,42,2,8152,2037,sens_none,mono_stiffness,gradient_boosting,0.25073902096847467,0.3245959743417837,0.6343586328356852,0.6867115116901514,0.7645699052002058
distance,none,monolayer,42,3,8151,2038,sens_none,none,mean_arith,0.42196339083971224,0.5714476125546882,-4.377943642519533e-05,-0.008964944278436526,
distance,none,monolayer,42,3,8151,2038,sens_none,none,mean_geom,0.43056856576810526,0.5742849105029224,-0.009999079456574966,-0.0009604475787228228,
distance,none,monolayer,42,3,8151,2038,sens_none,mono_stiffness,gradient_boosting,0.279572165857175,0.3829511886501918,0.5508897042623855,0.41647266999082866,0.7660827759586093
distance,none,monolayer,42,4,8151,2038,sens_none,none,mean_arith,0.41574012971281854,0.5448759156201196,-3.0914858841768478e-06,-0.007937065385394293,
distance,none,monolayer,42,4,8151,2038,sens_none,none,mean_geom,0.42563482713262446,0.5491788191217585,-0.015859571171632503,-0.00019685137914793316,
distance,none,monolayer,42,4,8151,2038,sens_none,mono_stiffness,gradient_boosting,0.28489959239484175,0.382243374660443,0.5078629607020447,0.4971024816741979,0.7464901839803989
distance,none,family,42,0,8142,2047,sens_none,none,mean_arith,0.4079299403183674,0.5059779713278119,-3.802177531686546e-05,-0.005826909886730958,
distance,none,family,42,0,8142,2047,sens_none,none,mean_geom,0.417624862212659,0.5114718099295193,-0.02187246755299177,-0.0036674144150030674,
distance,none,family,42,0,8142,2047,sens_none,mono_stiffness,gradient_boosting,0.3393901947731837,0.43227146147156303,0.2700948595820356,0.2614143763844101,0.6234611509912612
distance,none,family,42,1,8132,2057,sens_none,none,mean_arith,0.4163176202520881,0.5509233987567098,-0.00022344358575110412,-0.0056410447549204434,
distance,none,family,42,1,8132,2057,sens_none,none,mean_geom,0.4269121013779302,0.5557229145342044,-0.017726780746976978,-2.054317708788389e-05,
distance,none,family,42,1,8132,2057,sens_none,mono_stiffness,gradient_boosting,0.3397585901883855,0.4584274618748458,0.30744248657399575,0.3278541253115004,0.564138651756212
distance,none,family,42,2,8147,2042,sens_none,none,mean_arith,0.4100542722129288,0.5589093029395937,-1.9270383844638417e-05,-0.00831834312140578,
distance,none,family,42,2,8147,2042,sens_none,none,mean_geom,0.41933750193060676,0.5629725224299503,-0.014612220153233046,-8.702880279765068e-06,
distance,none,family,42,2,8147,2042,sens_none,mono_stiffness,gradient_boosting,0.2858240865570804,0.4188348211518323,0.4384204894774393,0.03591370513939407,0.8126361468024721
distance,none,family,42,3,8159,2030,sens_none,none,mean_arith,0.43173167697636133,0.5834629781984835,-7.31594118890122e-05,-0.010402637424359318,
distance,none,family,42,3,8159,2030,sens_none,none,mean_geom,0.4397280032663752,0.5862391068898071,-0.00961253660206518,-0.0008317025632349484,
distance,none,family,42,3,8159,2030,sens_none,mono_stiffness,gradient_boosting,0.32456455548115226,0.44234695376057614,0.42518082863483786,0.3545238342552236,0.6635411405633378
distance,none,family,42,4,8176,2013,sens_none,none,mean_arith,0.4112056585897582,0.5524874008163124,-0.0002646283329545973,-0.011217956633590376,
distance,none,family,42,4,8176,2013,sens_none,none,mean_geom,0.4224115663209736,0.5553518497243478,-0.010663542237502543,-0.00016405648430350972,
distance,none,family,42,4,8176,2013,sens_none,mono_stiffness,gradient_boosting,0.3102907035063334,0.41647479909676655,0.431608455150158,0.4735597574176792,0.7031439137815045
binding_energy_zscan,two_sided,random,42,0,7994,1999,sens_two_sided,none,mean_arith,18.55459329105948,33.636401419683764,-2.2479747787462756e-05,-0.21316445764869285,
binding_energy_zscan,two_sided,random,42,0,7994,1999,sens_two_sided,none,mean_geom,15.753784208812743,34.480221183091885,-0.0508259651759142,-0.00011611227108021538,
binding_energy_zscan,two_sided,random,42,0,7994,1999,sens_two_sided,mono_stiffness,gradient_boosting,2.417171739777855,4.237040177257463,0.9841322308503498,0.9402459659280563,0.9472066031498819
binding_energy_zscan,two_sided,random,42,1,7994,1999,sens_two_sided,none,mean_arith,18.649088709309815,34.35301288259804,-0.0003369474295693564,-0.18008210061325025,
binding_energy_zscan,two_sided,random,42,1,7994,1999,sens_two_sided,none,mean_geom,15.993715088247024,35.3420551084242,-0.05876662973587199,-0.0007533124719087958,
binding_energy_zscan,two_sided,random,42,1,7994,1999,sens_two_sided,mono_stiffness,gradient_boosting,2.4477056238220998,4.071205218064141,0.9859504428819913,0.9415302363001548,0.9449488986835598
binding_energy_zscan,two_sided,random,42,2,7994,1999,sens_two_sided,none,mean_arith,18.58844882245079,35.00107826703517,-2.4619044097340392e-05,-0.20594863971547284,
binding_energy_zscan,two_sided,random,42,2,7994,1999,sens_two_sided,none,mean_geom,15.803297312299032,35.87657904618462,-0.050678617853892494,-3.8871014651498115e-07,
binding_energy_zscan,two_sided,random,42,2,7994,1999,sens_two_sided,mono_stiffness,gradient_boosting,2.5173612462135218,4.841311098315631,0.9808674073030842,0.940285165255971,0.9418830807708538
binding_energy_zscan,two_sided,random,42,3,7995,1998,sens_two_sided,none,mean_arith,17.820325906452865,30.775374528807056,-0.00045943802717718363,-0.2181748546040858,
binding_energy_zscan,two_sided,random,42,3,7995,1998,sens_two_sided,none,mean_geom,15.116063476769643,31.607295353768528,-0.05527940197701553,-4.7782365647064395e-05,
binding_energy_zscan,two_sided,random,42,3,7995,1998,sens_two_sided,mono_stiffness,gradient_boosting,2.3641150427971005,3.293460836606695,0.9885422907140266,0.9374697763074052,0.9415876700928686
binding_energy_zscan,two_sided,random,42,4,7995,1998,sens_two_sided,none,mean_arith,18.916604298979152,34.08082584551926,-1.8333196849518174e-07,-0.21371058222332828,
binding_energy_zscan,two_sided,random,42,4,7995,1998,sens_two_sided,none,mean_geom,16.09201895713212,34.93709076063459,-0.050880505720875435,-0.0004990136191647121,
binding_energy_zscan,two_sided,random,42,4,7995,1998,sens_two_sided,mono_stiffness,gradient_boosting,2.3950833798118527,3.650319387706975,0.9885279352460641,0.9386956434796901,0.942613189657655
binding_energy_zscan,two_sided,monolayer,42,0,7995,1998,sens_two_sided,none,mean_arith,19.110537741527455,34.79979301488283,-0.0006863799947740556,-0.17452740105071785,
binding_energy_zscan,two_sided,monolayer,42,0,7995,1998,sens_two_sided,none,mean_geom,16.415585977910425,35.8219480629921,-0.06033492647787231,-0.0006246529071110007,
binding_energy_zscan,two_sided,monolayer,42,0,7995,1998,sens_two_sided,mono_stiffness,gradient_boosting,9.379306770789194,25.687214004761948,0.45477134190237345,0.710501204141526,0.8776176741931713
binding_energy_zscan,two_sided,monolayer,42,1,7993,2000,sens_two_sided,none,mean_arith,18.67365551610179,33.565010100824416,-5.727014559919752e-05,-0.19919780335282633,
binding_energy_zscan,two_sided,monolayer,42,1,7993,2000,sens_two_sided,none,mean_geom,15.904277680178504,34.4949363416397,-0.05623852209649316,-2.3867706833602398e-05,
binding_energy_zscan,two_sided,monolayer,42,1,7993,2000,sens_two_sided,mono_stiffness,gradient_boosting,9.06609676536808,24.959139345618983,0.447018606787435,0.6956807844218031,0.8675635148600782
binding_energy_zscan,two_sided,monolayer,42,2,7995,1998,sens_two_sided,none,mean_arith,16.616642972609046,27.890593159169605,-0.009408928091595214,-0.3048550132454422,
binding_energy_zscan,two_sided,monolayer,42,2,7995,1998,sens_two_sided,none,mean_geom,13.647364981594501,28.29105160819805,-0.038603596760217185,-0.0023916796107539273,
binding_energy_zscan,two_sided,monolayer,42,2,7995,1998,sens_two_sided,mono_stiffness,gradient_boosting,6.691905376062804,17.704525269550814,0.5932568829762219,0.7160468555734993,0.8527231376743146
binding_energy_zscan,two_sided,monolayer,42,3,7994,1999,sens_two_sided,none,mean_arith,16.958083099718284,26.906240504197907,-0.00674688929888112,-0.271946058339932,
binding_energy_zscan,two_sided,monolayer,42,3,7994,1999,sens_two_sided,none,mean_geom,13.999049396200894,27.460364109435304,-0.048641013744779915,-0.0005726207638163672,
binding_energy_zscan,two_sided,monolayer,42,3,7994,1999,sens_two_sided,mono_stiffness,gradient_boosting,11.103750186463483,24.614872264742633,0.15742333070941072,0.30276682367225194,0.7178618807131049
binding_energy_zscan,two_sided,monolayer,42,4,7995,1998,sens_two_sided,none,mean_arith,21.165986786322073,42.60775878432664,-0.007725489082913484,-0.12491835383513705,
binding_energy_zscan,two_sided,monolayer,42,4,7995,1998,sens_two_sided,none,mean_geom,18.789874393860426,43.805915502150846,-0.06519810454745434,-0.001229258599327876,
binding_energy_zscan,two_sided,monolayer,42,4,7995,1998,sens_two_sided,mono_stiffness,gradient_boosting,10.591333913771791,30.232160293975117,0.4926551854328888,0.714190967525206,0.8698309395083159
binding_energy_zscan,two_sided,family,42,0,7885,2108,sens_two_sided,none,mean_arith,19.090288279329563,33.880238323052744,-6.968829215914241e-07,-0.21558428708654875,
binding_energy_zscan,two_sided,family,42,0,7885,2108,sens_two_sided,none,mean_geom,16.229629397023626,34.73792937045431,-0.0512723574318843,-0.0008646383832349169,
binding_energy_zscan,two_sided,family,42,0,7885,2108,sens_two_sided,mono_stiffness,gradient_boosting,12.636493325733984,30.770167464470216,0.17516494645656733,0.4600011292015155,0.7769574014626393
binding_energy_zscan,two_sided,family,42,1,7981,2012,sens_two_sided,none,mean_arith,17.251718563483795,28.86504873727353,-0.00040213016715973104,-0.1883002921585495,
binding_energy_zscan,two_sided,family,42,1,7981,2012,sens_two_sided,none,mean_geom,14.81405250039126,29.801389786938884,-0.06635805361497082,-0.003021974880423217,
binding_energy_zscan,two_sided,family,42,1,7981,2012,sens_two_sided,mono_stiffness,gradient_boosting,12.61229889877161,25.716801955868178,0.20592058419105663,0.3258712125608969,0.6701051235705269
binding_energy_zscan,two_sided,family,42,2,7980,2013,sens_two_sided,none,mean_arith,17.07821322065253,27.525024986662697,-0.007862636543891188,-0.29167877289629196,
binding_energy_zscan,two_sided,family,42,2,7980,2013,sens_two_sided,none,mean_geom,13.931181945319144,27.999518495455227,-0.042910469770579995,-0.0019051408020225313,
binding_energy_zscan,two_sided,family,42,2,7980,2013,sens_two_sided,mono_stiffness,gradient_boosting,11.29407611438879,25.415058942903563,0.1407329782658907,0.2788024995876416,0.5620181670643167
binding_energy_zscan,two_sided,family,42,3,8064,1929,sens_two_sided,none,mean_arith,17.564638729867884,31.142496661384172,-0.0038152379912248513,-0.2918590864989936,
binding_energy_zscan,two_sided,family,42,3,8064,1929,sens_two_sided,none,mean_geom,14.358752753554882,31.66279117714582,-0.037636700964505776,-0.0036159892015454886,
binding_energy_zscan,two_sided,family,42,3,8064,1929,sens_two_sided,mono_stiffness,gradient_boosting,10.64194574673485,22.240115712037962,0.48805769929119824,0.4449848801536399,0.6955963819037052
binding_energy_zscan,two_sided,family,42,4,8062,1931,sens_two_sided,none,mean_arith,21.690988476066124,44.44191883240412,-0.012787639306218956,-0.09768522587155926,
binding_energy_zscan,two_sided,family,42,4,8062,1931,sens_two_sided,none,mean_geom,19.50876143760266,45.75899675567816,-0.07370698143261034,-0.005110065558108445,
binding_energy_zscan,two_sided,family,42,4,8062,1931,sens_two_sided,mono_stiffness,gradient_boosting,22.064590744587427,45.73025524489339,-0.07235860094758872,0.11595273545585072,0.7211043566324653
distance,two_sided,random,42,0,8064,2016,sens_two_sided,none,mean_arith,0.39200981265373586,0.4941730489629923,-8.067581129833634e-05,-0.007837609915067878,
distance,two_sided,random,42,0,8064,2016,sens_two_sided,none,mean_geom,0.3961004973104599,0.4956253475548335,-0.005967479931968445,-4.006167497871971e-05,
distance,two_sided,random,42,0,8064,2016,sens_two_sided,mono_stiffness,gradient_boosting,0.244019243619625,0.30916725645333093,0.6085611677691024,0.6312271081705019,0.7524640935858619
distance,two_sided,random,42,1,8064,2016,sens_two_sided,none,mean_arith,0.40021700305829805,0.5067168341080529,-0.000583964818836824,-0.0035012024413771936,
distance,two_sided,random,42,1,8064,2016,sens_two_sided,none,mean_geom,0.40608013063983023,0.5094646425959357,-0.01146526041548901,-0.00038219164029773545,
distance,two_sided,random,42,1,8064,2016,sens_two_sided,mono_stiffness,gradient_boosting,0.24833676854522052,0.3190307109853417,0.6033679022504315,0.6291277971431406,0.7417139345506458
distance,two_sided,random,42,2,8064,2016,sens_two_sided,none,mean_arith,0.3945635143576838,0.49895171740086797,-3.822880534221085e-05,-0.005601811485226982,
distance,two_sided,random,42,2,8064,2016,sens_two_sided,none,mean_geom,0.39736424325089365,0.5010104042027088,-0.008307617161181335,-3.702708106900765e-05,
distance,two_sided,random,42,2,8064,2016,sens_two_sided,mono_stiffness,gradient_boosting,0.24490285081283134,0.3093983097328085,0.6154653920762981,0.6383944033854554,0.766058180861438
distance,two_sided,random,42,3,8064,2016,sens_two_sided,none,mean_arith,0.38978715684302684,0.4981834797606033,-0.00173484072846386,-0.01444044239362352,
distance,two_sided,random,42,3,8064,2016,sens_two_sided,none,mean_geom,0.392428867807317,0.49821969523588977,-0.0018804883601843958,-0.001606976293446083,
distance,two_sided,random,42,3,8064,2016,sens_two_sided,mono_stiffness,gradient_boosting,0.24417758468791104,0.30733926489597846,0.6187496670015475,0.63402146255647,0.7688505999388119
distance,two_sided,random,42,4,8064,2016,sens_two_sided,none,mean_arith,0.389587106943267,0.49395056133211845,-0.0003973427827272946,-0.0037305527412669903,
distance,two_sided,random,42,4,8064,2016,sens_two_sided,none,mean_geom,0.3947743003849547,0.4966243203150837,-0.01125697533816572,-0.000431757587008752,
distance,two_sided,random,42,4,8064,2016,sens_two_sided,mono_stiffness,gradient_boosting,0.24286165560653936,0.3099134038368524,0.6061904144688901,0.623249517838209,0.7574497326024442
distance,two_sided,monolayer,42,0,8063,2017,sens_two_sided,none,mean_arith,0.3952572560464756,0.5031275203538841,-1.4719857039269257e-05,-0.006049201760917056,
distance,two_sided,monolayer,42,0,8063,2017,sens_two_sided,none,mean_geom,0.3998225780121487,0.5050552087571268,-0.007692334927606126,-3.889382453214907e-06,
distance,two_sided,monolayer,42,0,8063,2017,sens_two_sided,mono_stiffness,gradient_boosting,0.24879346076976297,0.3153429858360531,0.6071591907092097,0.614631732775641,0.7775811058866319
distance,two_sided,monolayer,42,1,8064,2016,sens_two_sided,none,mean_arith,0.3885437016011101,0.4892950784844975,-0.0001083150351823825,-0.0047691130667379955,
distance,two_sided,monolayer,42,1,8064,2016,sens_two_sided,none,mean_geom,0.3924199481524629,0.49161493173364756,-0.009614254022852098,-0.00022662686130869858,
distance,two_sided,monolayer,42,1,8064,2016,sens_two_sided,mono_stiffness,gradient_boosting,0.24511554609853492,0.30959156641898405,0.5996096643503719,0.6074264833730736,0.7717946058041998
distance,two_sided,monolayer,42,2,8064,2016,sens_two_sided,none,mean_arith,0.3965665261423094,0.5022127978320491,-9.73311139540467e-05,-0.0082503639576339,
distance,two_sided,monolayer,42,2,8064,2016,sens_two_sided,none,mean_geom,0.4004922280655599,0.5035626361989598,-0.005480642594702934,-0.00013632214345227212,
distance,two_sided,monolayer,42,2,8064,2016,sens_two_sided,mono_stiffness,gradient_boosting,0.24504708839097347,0.3182568762463373,0.5983735479940002,0.609906406327428,0.7620264081077918
distance,two_sided,monolayer,42,3,8064,2016,sens_two_sided,none,mean_arith,0.39027240144565384,0.49445094837064374,-8.944282042944174e-05,-0.007962629044584668,
distance,two_sided,monolayer,42,3,8064,2016,sens_two_sided,none,mean_geom,0.3947443244678164,0.49586761400254653,-0.005828422565096414,-7.237777227464548e-05,
distance,two_sided,monolayer,42,3,8064,2016,sens_two_sided,mono_stiffness,gradient_boosting,0.24777911660724544,0.31192353663017297,0.6019948360088262,0.6104014887477742,0.7577189577380533
distance,two_sided,monolayer,42,4,8065,2015,sens_two_sided,none,mean_arith,0.39524447756580666,0.5026179326082941,-2.6931797212803588e-05,-0.005831840020491974,
distance,two_sided,monolayer,42,4,8065,2015,sens_two_sided,none,mean_geom,0.3990460611519388,0.5046084196316477,-0.007963306563970818,-1.3812058548001716e-05,
distance,two_sided,monolayer,42,4,8065,2015,sens_two_sided,mono_stiffness,gradient_boosting,0.26876985029049627,0.354170928414969,0.5034516340359303,0.5185187881592124,0.7247575264865544
distance,two_sided,family,42,0,7952,2128,sens_two_sided,none,mean_arith,0.3991261160560458,0.5025927469376917,-0.003461586011332951,-0.018989597173395323,
distance,two_sided,family,42,0,7952,2128,sens_two_sided,none,mean_geom,0.4005393897823829,0.5018910443074082,-0.000661545236973371,-0.0031971780319992593,
distance,two_sided,family,42,0,7952,2128,sens_two_sided,mono_stiffness,gradient_boosting,0.2747299013060553,0.3478096124351787,0.5194357288440516,0.5211838717294954,0.7517634840097283
distance,two_sided,family,42,1,8137,1943,sens_two_sided,none,mean_arith,0.38066401786673587,0.48947338742690605,-9.487742657743325e-06,-0.005891334832405448,
distance,two_sided,family,42,1,8137,1943,sens_two_sided,none,mean_geom,0.38440782394197853,0.49144758491599017,-0.008092450300954734,-1.916444604943557e-05,
distance,two_sided,family,42,1,8137,1943,sens_two_sided,mono_stiffness,gradient_boosting,0.2904969430973844,0.3550501633232831,0.4738308449157267,0.5084671163578196,0.5963847139313502
distance,two_sided,family,42,2,8108,1972,sens_two_sided,none,mean_arith,0.39592757251392857,0.5010201232390387,-0.0005194975183837602,-0.0035828584136570196,
distance,two_sided,family,42,2,8108,1972,sens_two_sided,none,mean_geom,0.40167959216975174,0.5037467524668902,-0.0114390945646341,-0.0003802587439825089,
distance,two_sided,family,42,2,8108,1972,sens_two_sided,mono_stiffness,gradient_boosting,0.28796290144730874,0.37876010257766063,0.42820063541090847,0.40292865215964124,0.6648535317831586
distance,two_sided,family,42,3,8087,1993,sens_two_sided,none,mean_arith,0.38218573414158113,0.4818565061623373,-0.0036409418160516793,-0.0003774264353271217,
distance,two_sided,family,42,3,8087,1993,sens_two_sided,none,mean_geom,0.3880295626644181,0.4863791990511839,-0.02256965570104863,-0.004556684358530072,
distance,two_sided,family,42,3,8087,1993,sens_two_sided,mono_stiffness,gradient_boosting,0.27938457284789225,0.3628218659974716,0.4309770015647558,0.44649404589557584,0.6973709160423697
distance,two_sided,family,42,4,8036,2044,sens_two_sided,none,mean_arith,0.4075531578596079,0.5159984813099193,-0.0004246751586911568,-0.01066470395170449,
distance,two_sided,family,42,4,8036,2044,sens_two_sided,none,mean_geom,0.41158179159492214,0.5168127035332809,-0.003584415772440064,-0.0007489504339417419,
distance,two_sided,family,42,4,8036,2044,sens_two_sided,mono_stiffness,gradient_boosting,0.25535181533258466,0.32872292531460356,0.5939798996128033,0.5998836919941486,0.8056869037606652
